MET,alt_m,inc_deg,plane_angle_err_deg,local_plane_dv_mps,plane_effectiveness_ratio,plane_trim_active,plane_trim_window_closed,plane_trim_accel_mps2,plane_trim_yaw_deg,pitch_cmd_deg,throttle,q_atm,ap_m,eta_ap_s,surfspd_mps,radial_vel_mps,tangential_vel_mps,steer_angle_err_deg
90.36,34410.233,29.9507658,0.4842,9.70019,0,False,False,0,0,31.54158,0.7,0.0170832,63179.095,95.63,1163.73,608.68657,1147.83415,-4.51744
90.48,34483.326,29.9606301,0.4839588,9.71166,0,False,False,0,0,31.51241,0.7,0.0168968,63337.92,95.842,1165.622,609.17046,1149.76471,-4.48728
90.62,34568.675,29.9741808,0.4839315,9.73015,0,False,False,0,0,31.47844,0.7,0.0167022,63523.802,96.09,1167.832,609.73522,1152.01894,-4.34998
90.74,34641.895,29.9839301,0.4841378,9.75064,0,False,False,0,0,31.44944,0.7,0.016537,63683.707,96.303,1169.729,610.22044,1153.9529,-4.14094
90.86,34715.173,29.9929745,0.4845238,9.77478,0,False,False,0,0,31.42057,0.7,0.0163733,63844.167,96.518,1171.628,610.7071,1155.88858,-3.86297
91,34800.738,30.002429,0.485135,476.64299,0.02057,False,False,0,0,31.38709,0.7,0.0161841,64032.057,96.77,1173.844,611.27665,1158.14899,-3.47824
91.12,34874.143,30.0095052,0.4857364,269.49407,0.03649,False,False,0,0,31.35853,0.7,0.0160236,64193.668,96.987,1175.745,611.76611,1160.08829,-3.11964
91.24,34947.607,30.0156008,0.4863575,195.77389,0.05038,False,False,0,0,31.33011,0.7,0.0158645,64355.778,97.204,1177.646,612.25649,1162.02922,-2.74934
91.38,35033.389,30.0214868,0.487053,154.61441,0.06401,False,False,0,0,31.29712,0.7,0.0156807,64545.514,97.46,1179.865,612.82949,1164.29566,-2.3187
91.5,35106.98,30.0255189,0.4875887,134.94447,0.07355,False,False,0,0,31.26896,0.7,0.0155247,64708.654,97.68,1181.767,613.3212,1166.24003,-1.96391
91.62,35180.631,30.0286665,0.4880461,122.54751,0.0812,False,False,0,0,31.24091,0.7,0.0153701,64872.263,97.901,1183.669,613.81337,1168.18595,-1.62651
91.76,35266.631,30.0312966,0.4884638,113.51826,0.0879,False,False,0,0,31.20833,0.7,0.0151916,65063.733,98.16,1185.889,614.38811,1170.4581,-1.26063
91.88,35340.409,30.0327281,0.4887156,108.83135,0.09189,False,False,0,0,31.18052,0.7,0.0150401,65228.362,98.383,1187.793,614.88119,1172.40732,-0.98028
92.02,35426.559,30.0334703,0.4888698,106.14933,0.0944,False,False,0,0,21.44636,1,0.0148901,65393.474,98.607,1189.697,615.37474,1174.35804,-0.73065
92.16,35512.828,30.033825,0.4889542,104.67958,0.09596,False,False,0,0,21.34721,1,0.0147233,65658.849,99.02,1192.449,616.22881,1177.0877,-10.04236
92.28,35586.91,30.0334459,0.4889473,104.66348,0.09621,False,False,0,0,21.24544,1,0.0145976,65900.749,99.402,1195.415,617.29251,1179.93887,-9.9548
92.4,35661.12,30.032451,0.4888463,106.08226,0.09513,False,False,0,0,21.14398,1,0.014477,66144.599,99.787,1198.383,618.38798,1182.77528,-9.55912
92.54,35747.856,30.0305915,0.488625,109.50656,0.09237,False,False,0,0,21.04523,1,0.0143372,66425.705,100.232,1201.85,619.63863,1186.10645,-8.6826
92.66,35822.329,30.0284636,0.4883605,114.06254,0.08885,False,False,0,0,21.01559,1,0.0142181,66661.216,100.605,1204.822,620.64878,1189.00024,-7.71661
92.78,35896.914,30.0258999,0.488041,120.31786,0.08438,False,False,0,0,20.98213,1,0.0140998,66890.877,100.969,1207.793,621.58705,1191.93571,-6.71127
92.92,35984.059,30.0224138,0.4876154,130.26097,0.0781,False,False,0,0,20.93828,1,0.0139625,67151.352,101.382,1211.253,622.58778,1195.41171,-5.58806
93.04,36058.857,30.0190419,0.487218,141.77698,0.07188,False,False,0,0,20.89694,1,0.0138457,67368.8,101.728,1214.214,623.36947,1198.43076,-4.71694
93.16,36133.741,30.0153539,0.4868029,157.12805,0.06497,False,False,0,0,20.85263,1,0.0137295,67581.612,102.067,1217.17,624.08907,1201.48112,-3.94841
93.3,36221.208,30.0106868,0.4863096,182.29638,0.05611,False,False,0,0,20.79775,1,0.0135949,67824.899,102.455,1220.613,624.86048,1205.07362,-3.18467
93.42,36296.26,30.0064021,0.4858898,213.96138,0.04789,False,False,0,0,20.74839,1,0.0134804,68029.793,102.782,1223.561,625.47091,1208.17793,-2.64044
93.54,36371.381,30.0018869,0.4854829,262.16493,0.03915,False,False,0,0,20.69723,1,0.0133667,68231.854,103.106,1226.505,626.04085,1211.3023,-2.19313
93.68,36459.103,29.9963599,0.4850361,362.41637,0.02838,False,False,0,0,20.63556,1,0.0132351,68464.505,103.479,1229.937,626.66078,1214.96996,-1.79208
93.8,36534.358,29.9914278,0.4846859,550.87033,0.01871,False,False,0,0,20.58122,1,0.0131232,68661.62,103.797,1232.877,627.15757,1218.13126,-1.55428
93.92,36609.67,29.9863476,0.4843738,1187.79972,0.00869,False,False,0,0,20.5257,1,0.0130123,68856.926,104.111,1235.816,627.6261,1221.30725,-1.41452
94.06,36697.601,29.9802635,0.4840661,10.34969,0,False,False,0,0,20.45961,1,0.012884,69082.789,104.477,1239.245,628.14058,1225.02969,-1.35619
94.18,36773.025,29.9749391,0.4838564,10.37227,0,False,False,0,0,20.40195,1,0.0127751,69274.902,104.788,1242.184,628.55639,1228.23408,1.39368
94.3,36848.497,29.9695422,0.4837014,10.3961,0,False,False,0,0,20.3435,1,0.0126672,69465.886,105.099,1245.124,628.95158,1231.45014,1.47687
94.44,36936.604,29.9631804,0.4835938,10.42557,0,False,False,0,0,20.27443,1,0.0125424,69687.49,105.46,1248.556,629.38918,1235.216,1.61007
94.56,37012.171,29.9576925,0.4835665,10.45232,0,False,False,0,0,20.21456,1,0.0124366,69876.572,105.77,1251.499,629.74586,1238.45508,1.72402
94.68,37087.78,29.9521971,0.4836005,10.48047,0,False,False,0,0,20.15418,1,0.0123318,70065.063,106.079,1254.444,630.08766,1241.70376,1.84239
94.82,37176.04,29.9457973,0.4837178,10.51511,0,False,False,0,0,20.08319,1,0.0122107,70284.392,106.44,1257.884,630.46972,1245.50531,1.98127
94.94,37251.732,29.9403381,0.4838842,10.54632,0,False,False,0,0,20.02193,1,0.0121081,70472.03,106.75,1260.835,630.78407,1248.77318,2.07561
95.06,37327.461,29.9349233,0.4841098,10.57892,0,False,False,0,0,19.96038,1,0.0120065,70659.516,107.06,1263.79,631.08808,1252.04915,2.16777
95.2,37415.856,29.9286776,0.484445,851.46679,0.01247,False,False,0,0,19.88827,1,0.0118892,70878.188,107.424,1267.241,631.43133,1255.88083,2.27158
95.32,37491.66,29.9233975,0.4847912,455.97603,0.02337,False,False,0,0,19.82625,1,0.0117898,71065.677,107.736,1270.204,631.71656,1259.1732,2.33139
95.44,37567.498,29.9182003,0.4851882,313.59537,0.03409,False,False,0,0,19.7641,1,0.0116914,71253.369,108.05,1273.172,631.99499,1262.47258,2.39033
95.58,37656.017,29.912252,0.4857109,231.56482,0.04636,False,False,0,0,19.69149,1,0.011578,71472.701,108.418,1276.639,632.31249,1266.33033,2.45731
95.7,37731.925,29.9072597,0.4862061,190.19533,0.05665,False,False,0,0,19.62918,1,0.0114818,71661.089,108.736,1279.617,632.57887,1269.64408,2.48577
95.82,37807.865,29.9023765,0.4867402,162.12908,0.0667,False,False,0,0,19.56687,1,0.0113867,71849.967,109.055,1282.599,632.84117,1272.96404,2.51591
95.96,37896.5,29.8968227,0.4874071,139.05659,0.07811,False,False,0,0,19.49422,1,0.0112776,72071.021,109.429,1286.085,633.14298,1276.84489,2.55224
96.08,37972.507,29.8921888,0.4880121,124.45287,0.08761,False,False,0,0,19.43198,1,0.0111953,72261.148,109.753,1289.08,633.39835,1280.17774,2.55585
96.2,38048.544,29.8876788,0.4886432,113.03257,0.09684,False,False,0,0,19.36983,1,0.0111138,72451.988,110.078,1292.079,633.65164,1283.51618,2.56367
96.34,38137.293,29.8825748,0.4894073,102.52987,0.10725,False,False,0,0,19.29746,1,0.0110197,72675.589,110.461,1295.586,633.94521,1287.41791,2.57698
96.46,38213.395,29.8783361,0.4900822,95.27898,0.11588,False,False,0,0,19.23555,1,0.0109399,72868.106,110.792,1298.598,634.19528,1290.76812,2.56258
96.58,38289.528,29.8742266,0.4907714,89.24232,0.12421,False,False,0,0,19.17379,1,0.0108609,73061.514,111.125,1301.616,634.44473,1294.12353,2.55462
96.72,38378.387,29.8695941,0.4915889,83.37915,0.13357,False,False,0,0,19.10195,1,0.0107697,73288.319,111.517,1305.145,634.73549,1298.0446,2.55187
96.84,38454.584,29.8657603,0.4922981,79.14316,0.14129,False,False,0,0,19.04054,1,0.0106924,73483.748,111.856,1308.176,634.98444,1301.41104,2.52502
96.96,38530.812,29.8620547,0.4930117,75.49143,0.14872,False,False,0,0,18.97934,1,0.0106158,73680.209,112.198,1311.214,635.23382,1304.78239,2.50622
97.1,38619.782,29.8578896,0.493846,71.8298,0.15704,False,False,0,0,18.90818,1,0.0105274,73910.744,112.6,1314.766,635.5257,1308.72174,2.49256
97.22,38696.074,29.8544518,0.4945606,69.11045,0.16388,False,False,0,0,18.84741,1,0.0104525,74109.506,112.949,1317.817,635.77653,1312.1036,2.45742
97.36,38785.12,29.8505947,0.49539,66.34282,0.17152,False,False,0,0,18.7768,1,0.010366,74342.841,113.358,1321.385,636.07073,1316.05505,2.43808
97.48,38861.479,29.8474161,0.4960954,64.26059,0.17778,False,False,0,0,18.71651,1,0.0102926,74544.091,113.713,1324.45,636.32414,1319.44713,2.39868
97.6,38937.868,29.8443541,0.4967935,62.40639,0.18379,True,False,1.632076,3,18.65646,1,0.0102199,74746.562,114.071,1327.521,636.57919,1322.84381,2.3753
97.74,39027.027,29.8408198,0.4975982,60.48589,0.19051,True,False,1.63435,3,18.58671,1,0.010136,74984.304,114.493,1331.113,636.87876,1326.81244,4.41969
97.86,39103.483,29.8375959,0.4983457,58.86097,0.19656,True,False,1.636305,3,18.5272,1,0.0100648,75189.463,114.858,1334.198,637.13747,1330.21896,4.3307
97.98,39179.971,29.8346222,0.4991073,57.35201,0.20256,True,False,1.638264,3,18.46795,1,0.0099943,75395.937,115.226,1337.29,637.39827,1333.63002,4.18828
98.12,39269.246,29.8318933,0.4998765,55.98959,0.20843,True,False,1.640556,3,18.39913,1,0.0099129,75638.52,115.66,1340.906,637.70534,1337.61568,3.96343
98.24,39345.802,29.8304054,0.5003562,55.24756,0.21197,True,False,1.642525,3,18.34039,1,0.0098439,75847.928,116.036,1344.014,637.97081,1341.03744,3.73362
98.36,39422.39,29.8298239,0.5006218,54.93269,0.21385,True,False,1.644499,3,18.28188,1,0.0097755,76058.776,116.416,1347.131,638.23887,1344.4642,3.48393
98.5,39511.784,29.8303543,0.5006298,55.12493,0.21374,True,False,1.646808,3,18.21393,1,0.0096965,76306.597,116.864,1350.778,638.55507,1348.46833,3.18363
98.62,39588.444,29.8318541,0.5003711,55.78807,0.21163,True,False,1.648792,3,18.15592,1,0.0096295,76520.593,117.252,1353.913,638.82881,1351.90578,2.92957
98.74,39665.136,29.8342985,0.499875,56.94312,0.20766,True,False,1.650781,3,18.09817,1,0.0095631,76736.108,117.643,1357.057,639.10546,1355.34792,2.68783
98.88,39754.653,29.8382869,0.4990224,58.97852,0.20074,True,False,1.653108,3,18.03112,1,0.0094864,76989.466,118.105,1360.736,639.43202,1359.3695,2.42987
99,39831.419,29.8426142,0.4980889,61.40087,0.19295,True,False,1.655107,3,17.9739,1,0.0094213,77208.282,118.505,1363.897,639.71487,1362.82145,2.23395
99.12,39908.219,29.8477085,0.4970044,64.5695,0.18355,True,False,0.911411,3,17.91696,0.55,0.0093567,77428.679,118.909,1367.066,640.00081,1366.27769,2.06445
99.26,39997.83,29.8518469,0.4958789,68.40824,0.17326,True,False,0.912203,3,17.85459,0.55,0.0092764,77583.917,119.14,1369.941,640.10571,1369.49586,1.9212
99.38,40074.616,29.855452,0.4951551,71.26997,0.16628,True,False,0.912812,3,17.8127,0.55,0.0091944,77702.116,119.304,1371.456,639.92784,1371.32155,1.84508
99.5,40151.38,29.859371,0.4943851,74.7119,0.15859,True,False,0.913422,3,17.7708,0.55,0.0091097,77820.454,119.469,1372.975,639.74804,1373.14978,1.7896
99.64,40240.912,29.8642655,0.4934549,79.56717,0.14886,True,False,0.914135,3,17.72199,0.55,0.0090119,77958.905,119.663,1374.75,639.53846,1375.28515,1.7406
99.76,40317.63,29.8686844,0.4926489,84.58231,0.13999,True,False,0.914746,3,17.68025,0.55,0.0089291,78078.004,119.83,1376.275,639.36002,1377.11725,1.70586
99.88,40394.328,29.8732651,0.4918495,90.55289,0.13072,True,False,0.915359,3,17.63866,0.55,0.0088471,78197.585,119.998,1377.803,639.1835,1378.95073,1.67541
100.02,40483.781,29.878768,0.4909401,99.02478,0.1195,True,False,0.916074,3,17.59031,0.55,0.0087525,78337.721,120.196,1379.59,638.98045,1381.09143,1.6433
100.14,40560.434,29.8835879,0.4901908,107.94172,0.10961,True,False,0.916688,3,17.54902,0.55,0.0086723,78458.361,120.367,1381.125,638.80874,1382.92772,1.61655
100.26,40637.066,29.8884743,0.4894773,118.86738,0.09952,False,True,0,0,17.50789,0.55,0.0085929,78579.516,120.54,1382.663,638.63937,1384.76526,1.63974
100.4,40726.445,29.8943541,0.4886961,135.11587,0.08755,False,True,0,0,17.46009,0.55,0.0085012,78721.479,120.743,1384.461,638.44477,1386.91059,3.5634
100.52,40803.034,29.8996769,0.4880435,154.40016,0.07661,False,True,0,0,17.41926,0.55,0.0084234,78843.641,120.918,1386.005,638.2799,1388.7505,3.51136
100.64,40879.603,29.9049075,0.4874404,180.60461,0.0655,False,True,0,0,17.37857,0.55,0.0083462,78966.31,121.094,1387.552,638.11718,1390.59151,3.40114
100.78,40968.91,29.9106251,0.486838,222.92595,0.05308,False,True,0,0,17.3313,0.3,0.0082571,79110.062,121.302,1389.36,637.93018,1392.74104,3.2113
100.9,41045.425,29.9133883,0.4864746,264.98685,0.04467,False,True,0,0,17.29167,0.3,0.0081795,79184.336,121.363,1390.601,637.68736,1394.27849,3.0078
101.02,41121.891,29.9155603,0.4862803,298.22169,0.03971,False,True,0,0,17.25939,0.3,0.0080962,79248.584,121.401,1391.219,637.27462,1395.20406,2.79462
101.16,41211.038,29.9177506,0.4860929,342.59669,0.03458,False,True,0,0,17.22174,0.3,0.0080038,79323.466,121.445,1391.941,636.79198,1396.28502,2.54508
101.28,41287.396,29.919321,0.4859642,384.69338,0.03081,False,True,0,0,17.1895,0.3,0.007927,79387.676,121.483,1392.56,636.37835,1397.21218,2.32464
101.4,41363.705,29.9206119,0.4858618,429.28731,0.02762,False,True,0,0,17.15732,0.3,0.0078508,79451.969,121.522,1393.18,635.96547,1398.13968,2.11929
101.54,41452.669,29.921782,0.4857711,482.01761,0.02461,False,True,0,0,17.11987,0.3,0.0077627,79527.092,121.567,1393.905,635.485,1399.22209,1.90844
101.66,41528.871,29.9225175,0.4857146,525.01515,0.02261,False,True,0,0,17.08784,0.3,0.0076877,79591.579,121.606,1394.526,635.07414,1400.15013,1.74238
101.78,41605.024,29.9230284,0.4856747,563.10951,0.02109,False,True,0,0,17.05588,0.3,0.0076132,79656.172,121.645,1395.148,634.66437,1401.07837,1.60894
101.92,41693.806,29.9233688,0.4856461,597.9395,0.01988,False,True,0,0,17.01869,0.3,0.0075269,79731.652,121.692,1395.875,634.18766,1402.16159,1.49548
102.04,41769.853,29.9234663,0.4856347,617.38418,0.01926,False,True,0,0,16.98687,0.15,0.0074534,79796.447,121.732,1396.499,633.78004,1403.09036,1.41348
102.16,41845.843,29.9233543,0.4856352,624.96529,0.01904,False,True,0,0,16.95558,0.15,0.0073793,79831.683,121.701,1396.937,633.32356,1403.83419,1.36663
102.3,41934.413,29.9230903,0.4856483,620.3559,0.01919,False,True,0,0,16.92416,0.15,0.0072892,79865.723,121.647,1397.011,632.67418,1404.27039,1.34767
102.42,42010.259,29.9227863,0.485665,610.70089,0.0195,False,True,0,0,16.89722,0.15,0.0072112,79894.849,121.602,1397.074,632.11724,1404.64471,1.33547
102.54,42086.037,29.9224268,0.4856856,597.47223,0.01993,False,True,0,0,16.8703,0.15,0.0071336,79923.994,121.556,1397.139,631.56075,1405.01928,1.33677
102.68,42174.361,29.9219505,0.4857138,579.09215,0.02057,False,True,0,0,16.83892,0.15,0.0070439,79958.041,121.503,1397.215,630.91243,1405.45653,1.34868
102.8,42249.996,29.9215035,0.4857409,561.82118,0.02121,False,True,0,0,16.81206,0.15,0.0069678,79987.272,121.458,1397.281,630.35756,1405.83158,1.3467
102.92,42325.563,29.9210295,0.4857703,543.9859,0.02192,False,True,0,0,16.78523,0.15,0.0068925,80016.564,121.412,1397.348,629.80363,1406.20685,1.35036
103.06,42413.642,29.9204505,0.485807,523.17248,0.0228,False,True,0,0,16.75397,0.15,0.0068057,80050.81,121.36,1397.428,629.15858,1406.64498,1.3585
103.18,42489.066,29.919938,0.4858401,505.71305,0.02359,False,True,0,0,16.72721,0.15,0.0067321,80080.223,121.315,1397.497,628.60664,1407.02084,1.35054
103.3,42564.424,29.9194165,0.4858743,488.92166,0.02441,False,True,0,0,16.70049,0.15,0.0066592,80109.704,121.27,1397.567,628.05568,1407.39699,1.34628
103.46,42664.799,29.9187133,0.4859153,470.37661,0.02538,False,True,0,0,16.66935,0,0.0065633,80149.104,121.211,1397.65,627.41413,1407.83622,1.30625