MET,event,alt_m,lat_deg,inc_deg,surfspd_mps,orbspd_mps,vertspeed_mps,ap_m,pe_m,eta_ap_s,mass_t,throttle,dv_mps,q_atm
0,PRELAUNCH,82.248,-0.0972065,0.0972068,0.002,174.965,0.002,77.803,-598435.249,-0.02,2.79541,1,4003.237,0
0.22,LIFTOFF,82.49,-0.0972066,0.0972075,2.046,174.985,2.046,78.41,-598435.092,0.19,2.69085,1,3999.818,5.9E-06
0.72,BOOSTER_ASCENT,84.726,-0.0972066,0.0972082,6.714,175.104,6.901,83.012,-598435.174,0.687,2.68096,1,3991.549,0.0001939
1.26,BOOSTER_ASCENT,89.771,-0.0972064,0.0972104,11.79,175.365,11.979,93.076,-598435.366,1.208,2.67069,1,3979.744,0.0006731
1.8,BOOSTER_ASCENT,97.568,-0.0972063,0.0972129,16.903,175.782,17.093,108.598,-598435.454,1.732,2.66043,1,3971.779,0.0014467
2.34,BOOSTER_ASCENT,108.135,-0.097206,0.0972194,22.05,176.352,22.241,129.652,-598435.486,2.26,2.65016,1,3960.415,0.002519
2.88,BOOSTER_ASCENT,121.491,-0.0972057,0.0972302,27.23,177.075,27.423,156.307,-598435.5,2.791,2.63989,1,3953.1,0.0038931
3.42,BOOSTER_ASCENT,137.653,-0.0972053,0.0972449,32.442,177.951,32.636,188.629,-598435.522,3.326,2.62963,1,3942.168,0.0055716
3.96,BOOSTER_ASCENT,156.638,-0.0972048,0.0972636,37.684,178.98,37.879,226.682,-598435.553,3.864,2.61936,1,3934.8,0.0075559
4.5,BOOSTER_ASCENT,178.462,-0.0972043,0.0972875,43.151,180.16,43.151,270.524,-598435.604,4.405,2.60909,1,3924.3,0.0098463
5.04,BOOSTER_ASCENT,203.14,-0.0972036,0.0973137,48.449,181.505,48.449,320.209,-598435.429,4.949,2.59883,1,3917.546,0.0124419
5.58,BOOSTER_ASCENT,230.684,-0.0972028,0.097341,53.768,183.062,53.768,375.764,-598434.052,5.496,2.58856,1,3907.459,0.0153391
6.12,BOOSTER_ASCENT,261.105,-0.0972019,0.097372,59.103,184.851,59.103,437.21,-598431.027,6.044,2.5783,1,3900.666,0.0185325
6.66,BOOSTER_ASCENT,294.41,-0.097201,0.0974082,64.453,186.867,64.451,504.561,-598426.305,6.594,2.56803,1,3890.987,0.0220162
7.2,BOOSTER_ASCENT,330.606,-0.0971999,0.0974496,69.814,189.104,69.81,577.83,-598419.878,7.146,2.55776,1,3884.761,0.0257834
7.74,BOOSTER_ASCENT,369.697,-0.0971988,0.0974959,75.184,191.555,75.176,657.019,-598411.714,7.698,2.5475,1,3875.177,0.0298269
8.28,BOOSTER_ASCENT,411.687,-0.0971975,0.0975476,80.563,194.214,80.546,742.123,-598401.766,8.252,2.53723,1,3869.199,0.0341378
8.82,BOOSTER_ASCENT,456.577,-0.0971962,0.0976042,85.948,197.074,85.917,833.129,-598389.98,8.806,2.52696,1,3860.268,0.0387069
9.36,BOOSTER_ASCENT,504.366,-0.0971947,0.097666,91.336,200.129,91.287,930.017,-598376.296,9.36,2.5167,1,3854.247,0.0435237
9.9,BOOSTER_ASCENT,555.054,-0.0971931,0.0977326,96.727,203.369,96.652,1032.755,-598360.646,9.915,2.50643,1,3845.658,0.048577
10.44,BOOSTER_ASCENT,608.637,-0.0971914,0.0978038,102.12,206.79,102.009,1141.313,-598342.955,10.47,2.49617,1,3840.124,0.0538554
10.98,BOOSTER_ASCENT,665.11,-0.0971895,0.09788,107.513,210.385,107.357,1255.66,-598323.126,11.024,2.4859,1,3831.843,0.0593475
11.52,BOOSTER_ASCENT,724.468,-0.0971876,0.0979603,112.908,214.151,112.694,1375.76,-598300.987,11.577,2.47563,1,3823.734,0.065042
12.06,BOOSTER_ASCENT,786.705,-0.0971855,0.0980455,118.306,218.077,118.021,1501.607,-598276.589,12.131,2.46537,1,3818.252,0.0709296
12.6,BOOSTER_ASCENT,851.815,-0.0971833,0.0981356,123.709,222.155,123.337,1633.181,-598249.879,12.684,2.4551,1,3810.406,0.0770004
13.14,BOOSTER_ASCENT,919.793,-0.097181,0.0982297,129.117,226.381,128.642,1770.453,-598220.762,13.237,2.44483,1,3805.337,0.0832438
13.68,BOOSTER_ASCENT,990.632,-0.0971785,0.0983283,134.532,230.747,133.934,1913.395,-598189.152,13.789,2.43457,1,3797.721,0.0896488
14.22,BOOSTER_ASCENT,1064.324,-0.0971759,0.0984311,139.954,235.248,139.213,2061.975,-598154.966,14.341,2.4243,1,3792.556,0.0962048
14.76,BOOSTER_ASCENT,1140.863,-0.0971732,0.0985372,145.384,239.879,144.477,2216.158,-598118.099,14.892,2.41404,1,3785.138,0.1029005
15.3,BOOSTER_ASCENT,1220.24,-0.0971703,0.0986478,150.824,244.636,149.726,2375.901,-598078.439,15.442,2.40377,1,3780.327,0.1097247
15.84,BOOSTER_ASCENT,1302.447,-0.0971673,0.0987613,156.274,249.512,154.957,2541.158,-598035.88,15.992,2.3935,1,3772.848,0.116666
16.38,BOOSTER_ASCENT,1387.473,-0.0971641,0.0988789,161.734,254.505,160.17,2711.873,-597990.289,16.541,2.38324,1,3768.133,0.1237124
16.92,BOOSTER_ASCENT,1475.308,-0.0971608,0.0989982,167.205,259.609,165.362,2887.982,-597941.534,17.089,2.37297,1,3761.008,0.1308516
17.46,BOOSTER_ASCENT,1565.941,-0.0971573,0.0991205,172.687,264.821,170.53,3069.411,-597889.471,17.636,2.3627,1,3756.145,0.1380712
18,BOOSTER_ASCENT,1659.358,-0.0971536,0.0992454,178.182,270.136,175.674,3256.088,-597833.976,18.181,2.35244,1,3749.115,0.145359
18.54,BOOSTER_ASCENT,1755.544,-0.0971498,0.0993711,183.688,275.55,180.791,3447.928,-597774.901,18.725,2.34217,1,3744.523,0.1527021
19.08,BOOSTER_ASCENT,1854.487,-0.0971458,0.0994991,189.21,281.056,185.883,3644.942,-597712.308,19.267,2.3319,1,3737.549,0.1600922
19.62,BOOSTER_ASCENT,1956.175,-0.0971417,0.0996268,194.754,286.643,190.959,3847.239,-597646.456,19.809,2.32164,1,3732.765,0.1675268
20.16,BOOSTER_ASCENT,2060.599,-0.0971373,0.0997536,200.319,292.308,196.015,4054.738,-597577.171,20.35,2.31137,1,3725.813,0.1749951
20.7,BOOSTER_ASCENT,2167.745,-0.0971328,0.0998799,205.901,298.055,201.041,4267.21,-597504.025,20.89,2.30111,1,3721.25,0.1824759
21.24,BOOSTER_ASCENT,2277.597,-0.0971282,0.1000062,211.5,303.878,206.038,4484.588,-597426.935,21.428,2.29084,1,3714.285,0.1899558
21.78,BOOSTER_ASCENT,2390.139,-0.0971233,0.1001306,217.117,309.774,211.004,4706.8,-597345.801,21.964,2.28057,1,3709.483,0.1974241
22.32,BOOSTER_ASCENT,2505.352,-0.0971181,0.1002539,222.75,315.741,215.932,4933.668,-597260.345,22.498,2.27031,1,3702.471,0.2048651
22.86,BOOSTER_ASCENT,2623.215,-0.0971128,0.1003759,228.396,321.779,220.817,5164.959,-597170.218,23.029,2.26004,1,3697.845,0.2122601
23.4,BOOSTER_ASCENT,2743.703,-0.0971074,0.1004987,234.056,327.886,225.656,5400.551,-597075.263,23.557,2.24977,1,3690.527,0.2195966
23.94,BOOSTER_ASCENT,2866.79,-0.0971018,0.1006223,239.729,334.059,230.444,5640.248,-596975.21,24.081,2.23951,1,3685.834,0.2268614
24.48,BOOSTER_ASCENT,2992.447,-0.097096,0.1007479,245.412,340.298,235.174,5883.771,-596869.673,24.601,2.22924,1,3678.619,0.2340375
25.02,BOOSTER_ASCENT,3120.641,-0.0970899,0.1008762,251.105,346.603,239.839,6130.862,-596758.308,25.116,2.21898,1,3671.316,0.24111
25.56,BOOSTER_ASCENT,3251.335,-0.0970837,0.1010086,256.806,352.971,244.434,6381.261,-596640.773,25.625,2.20871,1,3666.237,0.248066
26.1,BOOSTER_ASCENT,3384.49,-0.0970772,0.101144,262.514,359.402,248.952,6634.64,-596516.636,26.128,2.19844,1,3658.758,0.2548916
26.64,BOOSTER_ASCENT,3520.061,-0.0970705,0.1012877,268.228,365.897,253.383,6890.632,-596385.421,26.624,2.18818,1,3653.784,0.2615727
27.18,BOOSTER_ASCENT,3658.001,-0.0970635,0.1014382,273.949,372.449,257.728,7149.098,-596247.124,27.113,2.17791,1,3646.095,0.2680993
27.72,BOOSTER_ASCENT,3798.271,-0.0970563,0.1015895,279.692,379.051,262.011,7410.543,-596102.403,27.597,2.16764,1,3640.728,0.2744857
28.26,BOOSTER_ASCENT,3940.842,-0.0970488,0.1017398,285.469,385.703,266.249,7675.316,-595951.533,28.078,2.15738,1,3632.796,0.2807486
28.8,BOOSTER_ASCENT,4085.688,-0.097041,0.1018897,291.278,392.401,270.439,7943.283,-595794.419,28.556,2.14711,1,3627.504,0.286882
29.34,BOOSTER_ASCENT,4232.779,-0.097033,0.1020366,297.083,399.11,274.547,8213.386,-595631.391,29.028,2.13685,1,3619.045,0.2928236
29.88,BOOSTER_ASCENT,4382.053,-0.0970247,0.1021784,302.819,405.767,278.513,8483.61,-595463.112,29.486,2.12658,1,3613.566,0.2984375
30.42,BOOSTER_ASCENT,4533.423,-0.0970161,0.1023154,308.451,412.341,282.304,8752.76,-595290.023,29.927,2.11631,1,3605.063,0.3036347
30.96,BOOSTER_ASCENT,4686.795,-0.0970072,0.1024461,313.971,418.818,285.916,9020.349,-595112.445,30.351,2.10605,1,3599.104,0.308387
31.5,BOOSTER_ASCENT,4842.071,-0.0969981,0.1025698,319.384,425.199,289.355,9286.268,-594930.594,30.757,2.09578,1,3590.262,0.3126952
32.04,BOOSTER_ASCENT,4999.163,-0.0969887,0.1026881,324.699,431.488,292.635,9550.64,-594744.584,31.148,2.08551,1,3584.343,0.3165777
32.58,BOOSTER_ASCENT,5157.989,-0.096979,0.1027996,329.932,437.697,295.774,9813.777,-594554.508,31.526,2.07525,1,3575.139,0.320063
33.12,BOOSTER_ASCENT,5318.476,-0.096969,0.1029041,335.096,443.838,298.786,10075.905,-594360.264,31.891,2.06498,1,3568.677,0.3231793
33.66,BOOSTER_ASCENT,5480.559,-0.0969588,0.1030034,340.211,449.927,301.686,10337.348,-594161.519,32.246,2.05471,1,3559.079,0.3259593
34.2,BOOSTER_ASCENT,5644.184,-0.0969483,0.1030981,345.305,455.992,304.501,10598.798,-593957.766,32.593,2.04445,1,3552.648,0.328455
34.74,BOOSTER_ASCENT,5809.315,-0.0969375,0.1031877,350.42,462.072,307.265,10861.326,-593748.229,32.936,2.03418,1,3542.647,0.3307378
35.28,BOOSTER_ASCENT,5975.933,-0.0969265,0.1032743,355.599,468.209,310.018,11126.158,-593531.955,33.28,2.02392,1,3535.625,0.3328919
35.82,BOOSTER_ASCENT,6144.037,-0.0969152,0.1033582,360.859,474.418,312.77,11393.7,-593308.389,33.626,2.01365,1,3525.2,0.3349518
36.36,BOOSTER_ASCENT,6313.628,-0.0969037,0.1034398,366.206,480.708,315.526,11664.105,-593077.078,33.974,2.00338,1,3518.221,0.3369247
36.9,BOOSTER_ASCENT,6484.708,-0.0968918,0.1035205,371.649,487.086,318.288,11937.524,-592837.549,34.326,1.99312,1,3507.032,0.3388166
37.44,BOOSTER_ASCENT,6657.282,-0.0968797,0.1036002,377.194,493.56,321.061,12214.097,-592589.308,34.68,1.98285,1,3499.769,0.3406321
37.98,BOOSTER_ASCENT,6831.356,-0.0968673,0.1036782,382.847,500.137,323.846,12493.955,-592331.844,35.038,1.97258,1,3488.489,0.3423742
38.52,BOOSTER_ASCENT,7006.937,-0.0968546,0.1037561,388.615,506.822,326.645,12777.211,-592064.627,35.401,1.96232,1,3476.949,0.3440449
39.06,BOOSTER_ASCENT,7184.033,-0.0968417,0.103834,394.502,513.623,329.46,13063.956,-591787.113,35.767,1.95205,1,3468.864,0.3456439
39.6,BOOSTER_ASCENT,7362.653,-0.0968284,0.1039117,400.514,520.543,332.29,13354.252,-591498.753,36.138,1.94179,1,3456.882,0.3471695
40.14,BOOSTER_ASCENT,7542.807,-0.0968148,0.1039903,406.658,527.59,335.142,13648.366,-591199.002,36.515,1.93152,1,3448.877,0.3486217
40.68,BOOSTER_ASCENT,7724.52,-0.0968009,0.1040659,412.979,534.796,338.073,13948.541,-590887.867,36.903,1.92125,1,3436.459,0.350052
41.22,BOOSTER_ASCENT,7907.554,-0.0967867,0.1041225,418.329,541.041,340.18,14220.034,-590597.222,37.197,1.91179,1,3428.95,0.3495589
41.76,BOOSTER_ASCENT,8091.903,-0.0967722,0.1041721,423.859,547.445,342.381,14497.387,-590296.185,37.504,1.90232,1,3417.274,0.3497153
42.3,BOOSTER_ASCENT,8284.484,-0.0967574,0.1042244,430.174,554.594,345.157,14799.521,-589967.425,37.881,1.89251,0.85,3408.683,0.350316
42.84,BOOSTER_ASCENT,8464.571,-0.0967423,0.1042718,436.599,561.834,347.971,15105.894,-589629.001,38.265,1.88264,1,3396.661,0.3500503
43.38,BOOSTER_ASCENT,8653.033,-0.0967269,0.10431,442.521,568.572,350.338,15397.472,-589298.92,38.599,1.87329,1,3388.742,0.34943
43.92,BOOSTER_ASCENT,8843.006,-0.0967112,0.1043466,448.973,575.814,353.064,15706.236,-588946.03,38.978,1.8637,1,3375.946,0.3494744
44.46,BOOSTER_ASCENT,9034.579,-0.0966953,0.1043919,456.664,584.25,356.694,16054.889,-588546.446,39.468,1.85344,1,3366.856,0.3478956
45,BOOSTER_ASCENT,9228.134,-0.0966789,0.1044368,464.544,592.863,360.403,16411.221,-588131.12,39.971,1.84317,1,3352.179,0.3468847
45.54,BOOSTER_ASCENT,9423.712,-0.0966623,0.1044802,472.617,601.654,364.19,16775.472,-587699.433,40.488,1.83291,1,3342.676,0.3458288
46.08,BOOSTER_ASCENT,9621.353,-0.0966453,0.1045214,480.879,610.624,368.049,17147.589,-587250.598,41.018,1.82264,1,3327.953,0.3447149
46.62,BOOSTER_ASCENT,9821.097,-0.0966279,0.1045612,489.333,619.776,371.98,17527.781,-586783.859,41.562,1.81237,1,3317.663,0.3435375
47.16,BOOSTER_ASCENT,10022.982,-0.0966102,0.1046002,497.981,629.111,375.981,17916.219,-586298.415,42.119,1.80211,1,3302.45,0.3422907
47.7,BOOSTER_ASCENT,10227.045,-0.0965921,0.1046392,506.825,638.631,380.05,18313.049,-585793.456,42.69,1.79184,1,3292.311,0.340967
48.24,BOOSTER_ASCENT,10433.323,-0.0965736,0.1046765,515.863,648.338,384.184,18718.4,-585268.171,43.275,1.78157,1,3276.622,0.3395569
48.78,BOOSTER_ASCENT,10641.849,-0.0965547,0.1047136,525.097,658.231,388.381,19132.361,-584721.754,43.874,1.77131,1,3265.672,0.3380497
49.32,BOOSTER_ASCENT,10852.657,-0.0965355,0.104751,534.523,668.309,392.636,19554.978,-584153.425,44.486,1.76104,1,3249.508,0.3364319
49.86,BOOSTER_ASCENT,11065.776,-0.0965158,0.1047885,544.139,678.57,396.943,19986.236,-583562.439,45.112,1.75078,1,3238.747,0.3346947
50.4,BOOSTER_ASCENT,11281.232,-0.0964958,0.1048259,553.94,689.009,401.295,20426.048,-582948.11,45.75,1.74051,1,3222.117,0.3328292
50.94,BOOSTER_ASCENT,11499.049,-0.0964753,0.1048638,563.918,699.62,405.685,20874.238,-582309.832,46.401,1.73024,1,3210.522,0.3308242
51.48,BOOSTER_ASCENT,11719.244,-0.0964544,0.1049023,574.063,710.392,410.102,21330.532,-581647.103,47.063,1.71998,1,3193.421,0.3286665
52.02,BOOSTER_ASCENT,11941.828,-0.0964331,0.1049414,584.364,721.316,414.534,21794.534,-580959.549,47.735,1.70971,1,3176.043,0.3263408
52.56,BOOSTER_ASCENT,12166.806,-0.0964113,0.1049809,594.807,732.377,418.968,22265.721,-580246.953,48.416,1.69944,1,3163.936,0.3238297
53.1,BOOSTER_ASCENT,12394.176,-0.096389,0.1050214,605.376,743.561,423.392,22743.561,-579509.094,49.105,1.68918,1,3146.092,0.3211184
53.64,BOOSTER_ASCENT,12623.931,-0.0963663,0.105063,616.071,754.867,427.801,23227.988,-578745.127,49.801,1.67891,1,3134.233,0.3182097
54.18,BOOSTER_ASCENT,12856.063,-0.0963431,0.105106,626.896,766.301,432.195,23719.083,-577953.994,50.505,1.66865,1,3115.934,0.3151134
54.72,BOOSTER_ASCENT,13090.564,-0.0963194,0.1051506,637.853,777.864,436.574,24216.927,-577134.575,51.218,1.65838,1,3103.194,0.3118379
55.26,BOOSTER_ASCENT,13327.424,-0.0962952,0.1051969,648.946,789.56,440.937,24721.572,-576285.734,51.939,1.64811,1,3084.434,0.30839
55.8,BOOSTER_ASCENT,13566.715,-0.0962714,0.1052416,660.372,801.559,445.545,25247.206,-575404.401,52.701,1.63785,1,3071.974,0.3048532
56.34,BOOSTER_ASCENT,13808.878,-0.0962461,0.1054106,672.695,814.269,451.519,25855.182,-574509.356,53.643,1.62758,1,3052.77,0.3018112
56.88,BOOSTER_ASCENT,14054.254,-0.0962202,0.1055864,685.194,827.144,457.602,26480.969,-573585.793,54.612,1.61731,1,3039.416,0.2985884
57.42,BOOSTER_ASCENT,14302.932,-0.0961935,0.105727,697.923,840.255,463.721,27121.461,-572621.815,55.601,1.60705,1,3019.772,0.2952036
57.96,BOOSTER_ASCENT,14554.933,-0.0961661,0.1058934,710.793,853.498,469.907,27778.397,-571628.145,56.614,1.59678,1,3006.737,0.2915769
58.5,BOOSTER_ASCENT,14810.288,-0.0961379,0.1060895,723.826,866.899,476.151,28451.922,-570600.783,57.65,1.58651,1,2986.025,0.2877301
59.04,BOOSTER_ASCENT,15069.032,-0.096109,0.1062587,737.028,880.465,482.458,29142.845,-569538.421,58.712,1.57625,1,2972.697,0.2836824
59.58,BOOSTER_ASCENT,15331.199,-0.0960793,0.1064115,750.399,894.194,488.831,29851.887,-568440.2,59.799,1.56598,1,2952.17,0.2794432
60.12,BOOSTER_ASCENT,15596.824,-0.0960489,0.1065917,763.941,908.089,495.27,30579.732,-567304.871,60.915,1.55572,1,2937.904,0.275022
60.66,BOOSTER_ASCENT,15865.944,-0.0960176,0.1067829,777.656,922.152,501.779,31327.181,-566131.118,62.058,1.54545,1,2916.929,0.270428
61.2,BOOSTER_ASCENT,16138.598,-0.0959855,0.106952,791.549,936.388,508.36,32095.119,-564917.568,63.232,1.53518,1,2903.02,0.2655386
61.74,BOOSTER_ASCENT,16414.826,-0.0959526,0.1071157,805.624,950.8,515.016,32884.506,-563662.745,64.438,1.52492,1,2881.608,0.2602317
62.28,BOOSTER_ASCENT,16694.668,-0.0959188,0.1073006,819.882,965.391,521.751,33696.276,-562365.232,65.677,1.51465,1,2866.734,0.2548053
62.82,BOOSTER_ASCENT,16978.167,-0.0958842,0.1074918,834.326,980.163,528.565,34531.438,-561023.529,66.951,1.50438,1,2844.878,0.2492596
63.36,BOOSTER_ASCENT,17265.368,-0.0958486,0.1076678,848.96,995.12,535.462,35391.069,-559636.064,68.262,1.49412,1,2830.392,0.2436109
63.9,BOOSTER_ASCENT,17556.315,-0.0958122,0.1078405,863.785,1010.263,542.445,36276.263,-558201.283,69.612,1.48385,1,2808.099,0.2378807
64.44,BOOSTER_ASCENT,17851.056,-0.0957748,0.1080286,878.803,1025.595,549.514,37188.173,-556717.589,71.002,1.47359,1,2792.619,0.2320892
64.98,BOOSTER_ASCENT,18149.636,-0.0957365,0.1082245,894.017,1041.117,556.671,38128.046,-555183.284,72.434,1.46332,1,2769.877,0.2262565
65.52,BOOSTER_ASCENT,18452.106,-0.0956973,0.108412,909.428,1056.832,563.921,39097.224,-553596.611,73.911,1.45305,1,2746.866,0.2204013
66.06,BOOSTER_ASCENT,18758.514,-0.095657,0.1085946,925.039,1072.742,571.263,40097.088,-551955.786,75.435,1.44279,1,2731.619,0.2145405
66.6,BOOSTER_ASCENT,19068.912,-0.0956158,0.1087865,940.852,1088.848,578.701,41129.095,-550258.967,77.009,1.43252,1,2707.425,0.2086884
67.14,BOOSTER_ASCENT,19383.352,-0.0955735,0.1089894,956.867,1105.153,586.236,42194.811,-548504.233,78.634,1.42225,1,2691.878,0.2028566
67.68,BOOSTER_ASCENT,19701.886,-0.0955302,0.1091918,973.087,1121.658,593.87,43295.922,-546689.572,80.313,1.41199,1,2667.963,0.1970531
68.22,BOOSTER_ASCENT,20024.569,-0.0954858,0.1093891,989.514,1138.366,601.606,44434.218,-544812.908,82.049,1.40172,1,2651.365,0.1912811
68.76,BOOSTER_ASCENT,20351.456,-0.0954404,0.1095888,1006.15,1155.279,609.445,45611.596,-542872.107,83.846,1.39146,1,2626.992,0.1855384
69.3,BOOSTER_ASCENT,20682.604,-0.0953938,0.1097987,1022.997,1172.397,617.39,46830.091,-540864.948,85.706,1.38119,1,2610.849,0.1798161
69.84,BOOSTER_ASCENT,21018.07,-0.0953461,0.1100161,1040.057,1189.725,625.444,48091.904,-538789.08,87.633,1.37092,1,2586.027,0.1740978
70.38,BOOSTER_ASCENT,21357.914,-0.0952972,0.1102338,1057.332,1207.263,633.608,49399.417,-536642.031,89.631,1.36066,1,2568.806,0.1683642
70.92,BOOSTER_ASCENT,21702.196,-0.0952471,0.1104506,1074.826,1225.016,641.886,50755.18,-534421.233,91.704,1.35039,1,2543.526,0.1626299
71.46,BOOSTER_ASCENT,22050.978,-0.0951958,0.1106697,1092.54,1242.986,650.28,52161.919,-532124.046,93.856,1.34012,1,2526.786,0.1569175
72,BOOSTER_ASCENT,22404.324,-0.0951433,0.1108918,1110.477,1261.174,658.793,53622.558,-529747.732,96.091,1.32986,1,2501.048,0.1512487
72.54,BOOSTER_ASCENT,22762.298,-0.0950895,0.1111138,1128.64,1279.584,667.428,55140.239,-527289.457,98.416,1.31959,1,2483.191,0.145644
73.08,BOOSTER_ASCENT,23124.967,-0.0950345,0.1113365,1147.031,1298.217,676.187,56718.331,-524746.302,100.834,1.30932,1,2456.977,0.1401229
73.62,BOOSTER_ASCENT,23492.399,-0.0949781,0.1115584,1165.651,1317.077,685.072,58360.462,-522115.247,103.352,1.29906,1,2439.618,0.134703
74.16,BOOSTER_ASCENT,23864.662,-0.0949204,0.1117794,1184.504,1336.164,694.087,60070.534,-519393.18,105.975,1.28879,1,2412.09,0.1294
74.7,BOOSTER_ASCENT,24241.826,-0.0948614,0.1120012,1203.59,1355.482,703.233,61852.758,-516576.888,108.711,1.27853,1,2394.41,0.1242263
75.24,BOOSTER_ASCENT,24623.965,-0.0948011,0.1122226,1222.912,1375.032,712.513,63711.686,-513663.047,111.567,1.26826,1,2367.225,0.1191914
75.78,BOOSTER_ASCENT,25011.15,-0.0947393,0.1124421,1242.472,1394.816,721.93,65652.244,-510648.222,114.549,1.25799,1,2348.365,0.1143002
75.98,BOOSTER_BURNOUT,25155.839,-0.0947161,0.1125146,1247.995,1400.416,724.488,66224.668,-509764.532,115.404,1.25541,0,2339.745,0.1126988
76.3,BOOSTER_COAST,25387.243,-0.0946789,0.1125255,1245.721,1398.316,721.988,66171.786,-509848.983,114.988,1.25541,0,2334.018,0.1081435
76.56,BOOSTER_COAST,25574.67,-0.0946486,0.1125303,1243.898,1396.634,719.969,66130.818,-509914.814,114.654,1.25541,0,2334.114,0.104094
76.82,BOOSTER_COAST,25761.573,-0.0946184,0.1125307,1242.094,1394.971,717.961,66091.586,-509978.221,114.322,1.25541,0,2334.216,0.1002044
77.08,BOOSTER_COAST,25947.957,-0.0945881,0.1125281,1240.31,1393.329,715.963,66054.026,-510039.278,113.993,1.25541,0,2334.314,0.0963205
77.34,BOOSTER_COAST,26133.822,-0.0945578,0.1125235,1238.546,1391.706,713.976,66018.061,-510098.083,113.667,1.25541,0,2334.494,0.0926049
77.6,BOOSTER_COAST,26319.172,-0.0945276,0.1125177,1236.8,1390.101,711.999,65983.619,-510154.725,113.344,1.25541,0,2334.583,0.0890475
77.86,BOOSTER_COAST,26504.01,-0.0944974,0.1125113,1235.071,1388.514,710.032,65950.636,-510209.284,113.023,1.25541,0,2334.67,0.0856388
78.12,BOOSTER_COAST,26688.337,-0.0944671,0.1125051,1233.36,1386.944,708.073,65919.049,-510261.835,112.705,1.25541,0,2334.747,0.0823694
78.38,BOOSTER_COAST,26872.156,-0.0944369,0.1124998,1231.666,1385.391,706.124,65888.803,-510312.448,112.389,1.25541,0,2334.829,0.0792302
78.64,BOOSTER_COAST,27055.469,-0.0944067,0.1124957,1229.988,1383.854,704.183,65859.841,-510361.191,112.075,1.25541,0,2334.986,0.076213
78.9,BOOSTER_COAST,27238.279,-0.0943764,0.1124931,1228.326,1382.334,702.25,65832.111,-510408.134,111.763,1.25541,0,2335.055,0.0733161
79.16,BOOSTER_COAST,27420.588,-0.0943462,0.1124919,1226.679,1380.828,700.325,65805.553,-510453.351,111.454,1.25541,0,2335.127,0.0705366
79.42,BOOSTER_COAST,27602.397,-0.094316,0.112492,1225.047,1379.337,698.408,65780.103,-510496.934,111.146,1.25541,0,2335.199,0.06787
79.68,BOOSTER_COAST,27783.709,-0.0942858,0.1124929,1223.429,1377.86,696.498,65755.712,-510538.946,110.84,1.25541,0,2335.328,0.0653124
79.94,BOOSTER_COAST,27964.525,-0.0942556,0.1124943,1221.824,1376.396,694.595,65732.336,-510579.444,110.537,1.25541,0,2335.393,0.0628596
80.2,BOOSTER_COAST,28144.847,-0.0942253,0.1124957,1220.233,1374.946,692.698,65709.931,-510618.483,110.234,1.25541,0,2335.456,0.0605078
80.26,PRE_SEPARATION,28186.39,-0.0942184,0.112496,1219.867,1374.613,692.262,65704.894,-510627.29,110.142,1.25541,0,2335.456,0.0598038
80.52,BOOSTER_SEPARATED,28366.203,-0.0941881,0.1124974,1219.256,1374.14,690.928,65765.187,-510530.718,110.015,0.68541,0,2335.535,0.0577972
82.38,UPPER_ENGINE_READY,29639.435,-0.0939717,0.1124961,1209.653,1365.543,678.319,65740.838,-510572.736,108.109,0.68541,0,2335.948,0.0444016
82.66,UPPER_ASCENT,29829.293,-0.0939391,0.1125261,1211.424,1367.455,678.236,65993.832,-510130.095,108.312,0.68464,0.5,2333.419,0.0427249
82.98,UPPER_ASCENT,30046.403,-0.0939016,0.1126136,1214.458,1370.646,678.71,66364.472,-509480.097,108.7,0.68362,0.5,2330.538,0.0411933
83.3,UPPER_ASCENT,30263.665,-0.0938638,0.112771,1217.503,1373.848,679.189,66737.183,-508825.293,109.092,0.6826,0.5,2324.187,0.0397249
83.62,UPPER_ASCENT,30481.083,-0.0938257,0.1129964,1220.56,1377.06,679.676,67111.992,-508165.674,109.489,0.68158,0.5,2321.294,0.0383173
83.94,UPPER_ASCENT,30698.657,-0.0937871,0.1132778,1223.628,1380.284,680.168,67488.899,-507501.125,109.889,0.68056,0.5,2314.916,0.0369682
84.26,UPPER_ASCENT,30916.389,-0.0937482,0.1136008,1226.708,1383.519,680.667,67867.924,-506831.548,110.294,0.67954,0.5,2311.72,0.0356751
84.58,UPPER_ASCENT,31134.282,-0.0937087,0.1139521,1229.801,1386.765,681.171,68249.097,-506156.859,110.704,0.67852,0.5,2305.607,0.0344354
84.9,UPPER_ASCENT,31352.337,-0.0936687,0.1143207,1232.906,1390.023,681.682,68632.449,-505476.99,111.118,0.67751,0.5,2302.398,0.0332468
85.22,UPPER_ASCENT,31570.557,-0.0936281,0.114699,1236.023,1393.293,682.199,69018.009,-504791.886,111.536,0.67649,0.5,2296.26,0.0321068
85.54,UPPER_ASCENT,31788.943,-0.0935871,0.115082,1239.152,1396.575,682.721,69405.807,-504101.498,111.96,0.67547,0.5,2293.039,0.0310127
85.86,UPPER_ASCENT,32007.498,-0.0935455,0.1154665,1242.294,1399.868,683.25,69795.873,-503405.783,112.388,0.67445,0.5,2286.877,0.029962
86.18,UPPER_ASCENT,32226.309,-0.0935032,0.1159544,1246.751,1404.472,684.508,70297.616,-502509.578,113.03,0.67312,0.7,2283.169,0.0289874
86.5,UPPER_ASCENT,32445.616,-0.0934602,0.1165027,1251.819,1409.685,686.104,70854.137,-501515.428,113.776,0.67169,0.7,2274.484,0.0280976
86.82,UPPER_ASCENT,32665.436,-0.0934165,0.1170926,1256.905,1414.915,687.71,71416.322,-500511.252,114.534,0.67027,0.7,2269.925,0.0272361
87.12,UPPER_ASCENT,32885.771,-0.0933718,0.1177294,1262.011,1420.163,689.325,71984.275,-499496.956,115.301,0.66884,0.7,2260.783,0.0264006
87.46,UPPER_ASCENT,33106.625,-0.0933263,0.1184086,1267.135,1425.43,690.951,72558.108,-498472.434,116.08,0.66741,0.7,2256.618,0.0255887
87.78,UPPER_ASCENT,33328.001,-0.0932799,0.1191219,1272.278,1430.715,692.587,73137.937,-497437.574,116.869,0.66598,0.7,2247.434,0.024798
88.1,UPPER_ASCENT,33549.902,-0.0932325,0.1198607,1277.44,1436.018,694.234,73723.881,-496392.263,117.67,0.66455,0.7,2243.249,0.024026
88.42,UPPER_ASCENT,33772.331,-0.0931842,0.1206179,1282.621,1441.339,695.891,74316.064,-495336.388,118.482,0.66313,0.7,2234.021,0.023272
88.74,UPPER_ASCENT,33995.293,-0.0931348,0.1213881,1287.821,1446.679,697.558,74914.609,-494269.838,119.306,0.6617,0.7,2229.396,0.0225386
89.06,UPPER_ASCENT,34218.79,-0.0930845,0.1221675,1293.04,1452.037,699.236,75519.646,-493192.502,120.142,0.66027,0.7,2220.547,0.0218257
89.38,UPPER_ASCENT,34442.826,-0.0930332,0.1229537,1298.279,1457.413,700.925,76131.302,-492104.27,120.99,0.65884,0.7,2215.9,0.0211333
89.7,UPPER_ASCENT,34667.404,-0.0929808,0.1237456,1303.536,1462.808,702.625,76749.711,-491005.033,121.85,0.65742,0.7,2207.009,0.020461
90.02,UPPER_ASCENT,34892.527,-0.0929274,0.1245429,1308.813,1468.221,704.335,77375.008,-489894.68,122.723,0.65599,0.7,2202.341,0.0198088
90.34,UPPER_ASCENT,35118.135,-0.0928731,0.1252301,1313.103,1472.65,705.511,77913.273,-488939.608,123.429,0.65472,0.55,2194.324,0.0191592
90.6,UPPER_ASCENT,35301.669,-0.0928284,0.1257442,1316.228,1475.888,706.271,78319.19,-488219.25,123.943,0.65381,0.55,2190.644,0.0186272
90.92,UPPER_ASCENT,35527.829,-0.0927726,0.1263565,1320.087,1479.886,707.214,78822.419,-487326.017,124.583,0.65269,0.55,2186.959,0.0179932
91.24,UPPER_ASCENT,35754.287,-0.0927161,0.1269098,1323.653,1483.591,707.999,79300.668,-486476.99,125.188,0.65169,0.3,2179.912,0.0173804
91.56,UPPER_ASCENT,35980.777,-0.092659,0.1272211,1325.087,1485.169,707.634,79577.717,-485984.358,125.397,0.65108,0.3,2177.748,0.0167404
91.88,UPPER_ASCENT,36207.151,-0.0926015,0.1275031,1326.527,1486.754,707.272,79855.507,-485489.14,125.609,0.65047,0.3,2173.905,0.0161162
92.2,UPPER_ASCENT,36433.375,-0.0925437,0.1276905,1327.239,1487.61,706.519,80063.839,-485101.352,125.671,0.65005,0.15,2171.888,0.0155104
92.52,UPPER_ASCENT,36659.259,-0.0924858,0.1278032,1327.218,1487.746,705.301,80210.757,-484853.169,125.616,0.64972,0.15,2169.976,0.0149055
92.72,ASCENT_CUTOFF,36800.266,-0.0924495,0.1278754,1327.486,1488.095,704.809,80315.164,-484666.341,125.636,0.64951,0,2168.788,0.0145444
93.32,ATMOSPHERIC_COAST,37222.087,-0.0923404,0.1278929,1324.975,1485.866,701.338,80338.472,-484625.885,125.08,0.64948,0,2168.266,0.0135083
93.82,ATMOSPHERIC_COAST,37571.942,-0.0922495,0.1278926,1322.642,1483.768,698.303,80332.994,-484633.553,124.57,0.64948,0,2168.288,0.0126715
94.32,ATMOSPHERIC_COAST,37920.284,-0.0921585,0.1278922,1320.307,1481.669,695.259,80325.912,-484642.097,124.057,0.64948,0,2168.307,0.0119003
94.82,ATMOSPHERIC_COAST,38267.108,-0.0920676,0.1278919,1317.979,1479.576,692.214,80318.271,-484650.686,123.544,0.64948,0,2168.335,0.0112302
95.32,ATMOSPHERIC_COAST,38612.411,-0.0919767,0.1278916,1315.659,1477.493,689.17,80310.68,-484658.999,123.03,0.64948,0,2168.353,0.0106058
95.82,ATMOSPHERIC_COAST,38956.194,-0.0918857,0.1278913,1313.351,1475.42,686.13,80303.354,-484666.948,122.517,0.64948,0,2168.368,0.0100238
96.32,ATMOSPHERIC_COAST,39298.458,-0.0917948,0.1278911,1311.053,1473.357,683.095,80296.334,-484674.537,122.004,0.64948,0,2168.391,0.0094806
96.82,ATMOSPHERIC_COAST,39639.205,-0.0917039,0.1278908,1308.766,1471.306,680.063,80289.622,-484681.779,121.492,0.64948,0,2168.406,0.0089728
97.32,ATMOSPHERIC_COAST,39978.438,-0.091613,0.1278905,1306.49,1469.265,677.036,80283.224,-484688.685,120.98,0.64948,0,2168.419,0.0084973
97.82,ATMOSPHERIC_COAST,40316.159,-0.0915221,0.1278903,1304.225,1467.234,674.013,80277.145,-484695.266,120.469,0.64948,0,2168.437,0.008051
98.32,ATMOSPHERIC_COAST,40652.37,-0.0914312,0.12789,1301.971,1465.214,670.995,80271.384,-484701.532,119.959,0.64948,0,2168.449,0.0076307
98.82,ATMOSPHERIC_COAST,40987.072,-0.0913403,0.1278897,1299.728,1463.205,667.98,80265.936,-484707.495,119.449,0.64948,0,2168.46,0.0072337
99.32,ATMOSPHERIC_COAST,41320.269,-0.0912494,0.1278894,1297.495,1461.206,664.97,80260.789,-484713.171,118.939,0.64948,0,2168.476,0.0068724
99.82,ATMOSPHERIC_COAST,41651.961,-0.0911585,0.127889,1295.273,1459.217,661.965,80255.919,-484718.586,118.431,0.64948,0,2168.487,0.0065401
100.32,ATMOSPHERIC_COAST,41982.152,-0.0910676,0.1278887,1293.061,1457.239,658.963,80251.315,-484723.752,117.922,0.64948,0,2168.496,0.0062201
100.82,ATMOSPHERIC_COAST,42310.843,-0.0909767,0.1278884,1290.859,1455.27,655.965,80246.968,-484728.673,117.414,0.64948,0,2168.51,0.0059115
101.32,ATMOSPHERIC_COAST,42638.036,-0.0908858,0.1278882,1288.668,1453.311,652.971,80242.868,-484733.357,116.906,0.64948,0,2168.519,0.0056175
101.82,ATMOSPHERIC_COAST,42963.734,-0.0907949,0.1278879,1286.487,1451.363,649.981,80239.001,-484737.815,116.399,0.64948,0,2168.528,0.0053378
102.32,ATMOSPHERIC_COAST,43287.937,-0.090704,0.1278876,1284.316,1449.424,646.994,80235.354,-484742.058,115.892,0.64948,0,2168.54,0.0050718
102.82,ATMOSPHERIC_COAST,43610.648,-0.0906131,0.1278874,1282.155,1447.494,644.012,80231.915,-484746.099,115.386,0.64948,0,2168.548,0.0048189
103.32,ATMOSPHERIC_COAST,43931.868,-0.0905222,0.1278872,1280.004,1445.575,641.032,80228.669,-484749.948,114.88,0.64948,0,2168.555,0.0045788
103.82,ATMOSPHERIC_COAST,44251.6,-0.0904314,0.127887,1277.862,1443.665,638.057,80225.606,-484753.618,114.374,0.64948,0,2168.565,0.0043506
104.32,ATMOSPHERIC_COAST,44569.845,-0.0903405,0.1278869,1275.731,1441.764,635.084,80222.714,-484757.119,113.868,0.64948,0,2168.572,0.0041341
104.82,ATMOSPHERIC_COAST,44886.604,-0.0902496,0.1278868,1273.609,1439.873,632.115,80219.982,-484760.461,113.363,0.64948,0,2168.578,0.0039286
105.32,ATMOSPHERIC_COAST,45201.88,-0.0901587,0.1278866,1271.497,1437.99,629.15,80217.401,-484763.655,112.858,0.64948,0,2168.587,0.0037336
105.82,ATMOSPHERIC_COAST,45515.674,-0.0900678,0.1278865,1269.394,1436.118,626.187,80214.96,-484766.707,112.354,0.64948,0,2168.592,0.0035487
106.32,ATMOSPHERIC_COAST,45827.987,-0.0899769,0.1278864,1267.301,1434.254,623.227,80212.651,-484769.627,111.849,0.64948,0,2168.598,0.0033733
106.82,ATMOSPHERIC_COAST,46138.822,-0.089886,0.1278863,1265.217,1432.399,620.271,80210.466,-484772.423,111.345,0.64948,0,2168.606,0.0032071
107.32,ATMOSPHERIC_COAST,46448.178,-0.0897951,0.1278862,1263.142,1430.553,617.317,80208.398,-484775.099,110.841,0.64948,0,2168.611,0.0030494
107.82,ATMOSPHERIC_COAST,46756.059,-0.0897043,0.1278861,1261.077,1428.717,614.367,80206.439,-484777.664,110.337,0.64948,0,2168.615,0.0028999
108.32,ATMOSPHERIC_COAST,47062.466,-0.0896134,0.127886,1259.021,1426.889,611.419,80204.584,-484780.123,109.833,0.64948,0,2168.621,0.0027581
108.82,ATMOSPHERIC_COAST,47367.399,-0.0895225,0.1278859,1256.974,1425.07,608.474,80202.826,-484782.481,109.33,0.64948,0,2168.625,0.0026236
109.32,ATMOSPHERIC_COAST,47670.86,-0.0894316,0.1278858,1254.936,1423.26,605.532,80201.159,-484784.743,108.827,0.64948,0,2168.629,0.002496
109.82,ATMOSPHERIC_COAST,47972.852,-0.0893407,0.1278857,1252.908,1421.458,602.593,80199.579,-484786.913,108.324,0.64948,0,2168.635,0.0023748
110.32,ATMOSPHERIC_COAST,48273.374,-0.0892498,0.1278855,1250.888,1419.665,599.656,80198.08,-484788.997,107.821,0.64948,0,2168.638,0.0022597
110.82,ATMOSPHERIC_COAST,48572.428,-0.0891589,0.1278854,1248.878,1417.882,596.722,80196.658,-484790.997,107.318,0.64948,0,2168.641,0.0021502
111.32,ATMOSPHERIC_COAST,48870.016,-0.089068,0.1278853,1246.877,1416.106,593.79,80195.309,-484792.918,106.815,0.64948,0,2168.646,0.0020459
111.82,ATMOSPHERIC_COAST,49166.139,-0.088977,0.1278852,1244.885,1414.34,590.861,80194.029,-484794.762,106.312,0.64948,0,2168.649,0.0019465
112.32,ATMOSPHERIC_COAST,49460.799,-0.0888861,0.1278851,1242.901,1412.582,587.935,80192.814,-484796.533,105.81,0.64948,0,2168.652,0.0018516
112.82,ATMOSPHERIC_COAST,49753.995,-0.0887952,0.1278851,1240.927,1410.832,585.011,80191.662,-484798.232,105.308,0.64948,0,2168.656,0.0017612
113.32,ATMOSPHERIC_COAST,50045.73,-0.0887043,0.127885,1238.962,1409.091,582.089,80190.569,-484799.863,104.806,0.64948,0,2168.659,0.0016751
113.82,ATMOSPHERIC_COAST,50336.006,-0.0886134,0.127885,1237.005,1407.359,579.17,80189.532,-484801.428,104.303,0.64948,0,2168.661,0.0015931
114.32,ATMOSPHERIC_COAST,50624.822,-0.0885224,0.1278849,1235.058,1405.635,576.254,80188.548,-484802.929,103.801,0.64948,0,2168.665,0.0015151
114.82,ATMOSPHERIC_COAST,50912.181,-0.0884315,0.1278848,1233.119,1403.92,573.339,80187.615,-484804.369,103.299,0.64948,0,2168.667,0.0014409
115.32,ATMOSPHERIC_COAST,51198.083,-0.0883405,0.1278848,1231.19,1402.213,570.427,80186.73,-484805.751,102.798,0.64948,0,2168.669,0.0013704
115.82,ATMOSPHERIC_COAST,51482.53,-0.0882496,0.1278847,1229.269,1400.515,567.518,80185.89,-484807.075,102.296,0.64948,0,2168.672,0.0013034
116.32,ATMOSPHERIC_COAST,51765.522,-0.0881586,0.1278847,1227.357,1398.825,564.61,80185.093,-484808.345,101.794,0.64948,0,2168.674,0.0012398
116.82,ATMOSPHERIC_COAST,52047.062,-0.0880677,0.1278846,1225.454,1397.144,561.705,80184.337,-484809.563,101.293,0.64948,0,2168.676,0.0011793
117.32,ATMOSPHERIC_COAST,52327.149,-0.0879767,0.1278846,1223.56,1395.471,558.802,80183.62,-484810.73,100.791,0.64948,0,2168.677,0.001122
117.82,ATMOSPHERIC_COAST,52605.786,-0.0878857,0.1278845,1221.674,1393.806,555.902,80182.939,-484811.848,100.29,0.64948,0,2168.68,0.0010675
118.32,ATMOSPHERIC_COAST,52882.973,-0.0877948,0.1278844,1219.798,1392.15,553.003,80182.293,-484812.921,99.789,0.64948,0,2168.682,0.0010159
118.82,ATMOSPHERIC_COAST,53158.711,-0.0877038,0.1278844,1217.93,1390.502,550.107,80181.68,-484813.949,99.287,0.64948,0,2168.683,0.0009669
119.32,ATMOSPHERIC_COAST,53433.002,-0.0876128,0.1278843,1216.071,1388.862,547.213,80181.097,-484814.933,98.786,0.64948,0,2168.685,0.0009204
119.82,ATMOSPHERIC_COAST,53705.846,-0.0875218,0.1278843,1214.221,1387.231,544.321,80180.544,-484815.877,98.285,0.64948,0,2168.686,0.0008763
120.32,ATMOSPHERIC_COAST,53977.244,-0.0874308,0.1278842,1212.38,1385.608,541.431,80180.019,-484816.782,97.784,0.64948,0,2168.688,0.0008345
120.82,ATMOSPHERIC_COAST,54247.199,-0.0873398,0.1278842,1210.547,1383.994,538.543,80179.52,-484817.649,97.283,0.64948,0,2168.689,0.0007949
121.32,ATMOSPHERIC_COAST,54515.709,-0.0872488,0.1278842,1208.723,1382.387,535.657,80179.045,-484818.48,96.782,0.64948,0,2168.69,0.0007573
121.82,ATMOSPHERIC_COAST,54782.778,-0.0871577,0.1278841,1206.908,1380.789,532.773,80178.594,-484819.276,96.281,0.64948,0,2168.691,0.0007216
122.32,ATMOSPHERIC_COAST,55048.405,-0.0870667,0.1278841,1205.102,1379.2,529.891,80178.165,-484820.039,95.78,0.64948,0,2168.693,0.0006877
122.82,ATMOSPHERIC_COAST,55312.591,-0.0869756,0.1278841,1203.305,1377.618,527.011,80177.757,-484820.77,95.279,0.64948,0,2168.694,0.0006554
123.32,ATMOSPHERIC_COAST,55575.338,-0.0868846,0.1278841,1201.516,1376.045,524.134,80177.369,-484821.47,94.778,0.64948,0,2168.695,0.0006248
123.82,ATMOSPHERIC_COAST,55836.647,-0.0867935,0.127884,1199.736,1374.48,521.258,80177,-484822.141,94.277,0.64948,0,2168.696,0.0005956
124.32,ATMOSPHERIC_COAST,56096.518,-0.0867025,0.127884,1197.965,1372.923,518.384,80176.649,-484822.784,93.777,0.64948,0,2168.697,0.0005678
124.82,ATMOSPHERIC_COAST,56354.953,-0.0866114,0.127884,1196.203,1371.375,515.511,80176.314,-484823.402,93.276,0.64948,0,2168.698,0.0005413
125.32,ATMOSPHERIC_COAST,56611.952,-0.0865203,0.127884,1194.449,1369.835,512.641,80175.994,-484823.995,92.775,0.64948,0,2168.699,0.0005159
125.82,ATMOSPHERIC_COAST,56867.517,-0.0864292,0.1278839,1192.704,1368.303,509.773,80175.689,-484824.566,92.275,0.64948,0,2168.699,0.0004917
126.32,ATMOSPHERIC_COAST,57121.648,-0.0863381,0.1278839,1190.968,1366.779,506.906,80175.397,-484825.118,91.774,0.64948,0,2168.7,0.0004685
126.82,ATMOSPHERIC_COAST,57374.346,-0.086247,0.1278839,1189.24,1365.263,504.042,80175.118,-484825.65,91.274,0.64948,0,2168.701,0.0004465
127.32,ATMOSPHERIC_COAST,57625.612,-0.0861558,0.1278839,1187.522,1363.755,501.179,80174.85,-484826.165,90.773,0.64948,0,2168.702,0.0004252
127.82,ATMOSPHERIC_COAST,57875.447,-0.0860647,0.1278838,1185.812,1362.256,498.318,80174.594,-484826.663,90.272,0.64948,0,2168.702,0.0004046
128.32,ATMOSPHERIC_COAST,58123.853,-0.0859735,0.1278838,1184.11,1360.765,495.458,80174.348,-484827.144,89.772,0.64948,0,2168.703,0.0003849
128.82,ATMOSPHERIC_COAST,58370.829,-0.0858824,0.1278838,1182.418,1359.282,492.601,80174.113,-484827.61,89.271,0.64948,0,2168.704,0.0003661
129.32,ATMOSPHERIC_COAST,58616.376,-0.0857912,0.1278838,1180.734,1357.807,489.745,80173.887,-484828.062,88.771,0.64948,0,2168.704,0.0003481
129.82,ATMOSPHERIC_COAST,58860.496,-0.0857,0.1278837,1179.059,1356.34,486.891,80173.669,-484828.499,88.271,0.64948,0,2168.705,0.000331
130.32,ATMOSPHERIC_COAST,59103.19,-0.0856088,0.1278837,1177.393,1354.882,484.039,80173.461,-484828.922,87.77,0.64948,0,2168.706,0.0003147
130.82,ATMOSPHERIC_COAST,59344.458,-0.0855176,0.1278837,1175.735,1353.431,481.188,80173.261,-484829.332,87.27,0.64948,0,2168.706,0.0002991
131.32,ATMOSPHERIC_COAST,59584.301,-0.0854264,0.1278837,1174.086,1351.989,478.339,80173.068,-484829.729,86.769,0.64948,0,2168.707,0.0002844
131.82,ATMOSPHERIC_COAST,59822.721,-0.0853351,0.1278837,1172.446,1350.555,475.492,80172.883,-484830.113,86.269,0.64948,0,2168.707,0.0002703
132.2,FAIRING_JETTISON,60002.967,-0.0852658,0.1278836,1171.206,1349.47,473.329,80172.747,-484830.397,85.889,0.64948,0,2168.707,0.0002602
132.22,NEAR_VACUUM,60012.427,-0.0852625,0.1264436,1170.724,1348.998,473.05,80153.097,-484911.305,85.815,0.57832,0,2168.707,0.0002596
132.74,TERMINAL_COAST,60257.606,-0.0851691,0.1269641,1169.036,1347.522,470.102,80153.762,-484912.592,85.276,0.57832,0,2578.92,0.0002457
133.3,TERMINAL_COAST,60519.932,-0.0850679,0.1269628,1167.223,1345.937,466.916,80153.375,-484913.899,84.715,0.57832,0,2578.921,0.0002323
133.86,TERMINAL_COAST,60780.472,-0.0849666,0.126963,1165.421,1344.364,463.732,80153.016,-484915.139,84.154,0.57832,0,2578.921,0.0002196
134.42,TERMINAL_COAST,61039.228,-0.0848655,0.1269637,1163.631,1342.8,460.551,80152.671,-484916.335,83.593,0.57832,0,2578.922,0.0002076
134.98,TERMINAL_COAST,61296.202,-0.0847647,0.1269641,1161.852,1341.247,457.371,80152.341,-484917.489,83.033,0.57832,0,2578.922,0.0001964
135.54,TERMINAL_COAST,61551.396,-0.084664,0.1269641,1160.084,1339.704,454.193,80152.026,-484918.594,82.472,0.57832,0,2578.923,0.0001858
136.1,TERMINAL_COAST,61804.811,-0.0845631,0.1269638,1158.327,1338.172,451.018,80151.726,-484919.652,81.911,0.57832,0,2578.923,0.0001758
136.66,TERMINAL_COAST,62056.449,-0.0844622,0.1269635,1156.581,1336.65,447.844,80151.439,-484920.672,81.35,0.57832,0,2578.923,0.0001664
137.22,TERMINAL_COAST,62306.31,-0.0843612,0.1269634,1154.847,1335.138,444.673,80151.165,-484921.651,80.79,0.57832,0,2578.924,0.0001575
137.78,TERMINAL_COAST,62554.396,-0.0842601,0.1269634,1153.124,1333.637,441.503,80150.904,-484922.591,80.229,0.57832,0,2578.924,0.000149
138.34,TERMINAL_COAST,62800.707,-0.0841591,0.1269634,1151.412,1332.146,438.335,80150.655,-484923.491,79.668,0.57832,0,2578.925,0.0001406
138.9,TERMINAL_COAST,63045.245,-0.0840581,0.1269634,1149.711,1330.665,435.169,80150.417,-484924.352,79.108,0.57832,0,2578.925,0.0001325
139.46,TERMINAL_COAST,63288.011,-0.083957,0.1269634,1148.022,1329.195,432.006,80150.191,-484925.174,78.547,0.57832,0,2578.925,0.0001246
140.02,TERMINAL_COAST,63529.006,-0.0838559,0.1269633,1146.343,1327.735,428.844,80149.977,-484925.958,77.987,0.57832,0,2578.925,0.0001169
140.58,TERMINAL_COAST,63768.23,-0.0837548,0.1269633,1144.677,1326.285,425.684,80149.773,-484926.703,77.426,0.57832,0,2578.926,0.0001094
141.14,TERMINAL_COAST,64005.685,-0.0836537,0.1269632,1143.021,1324.846,422.525,80149.58,-484927.408,76.866,0.57832,0,2578.926,0.0001022
141.7,TERMINAL_COAST,64241.373,-0.0835525,0.1269632,1141.377,1323.417,419.369,80149.397,-484928.076,76.305,0.57832,0,2578.926,9.52E-05
142.26,TERMINAL_COAST,64475.293,-0.0834514,0.1269632,1139.744,1321.999,416.215,80149.224,-484928.705,75.745,0.57832,0,2578.927,8.85E-05
142.82,TERMINAL_COAST,64707.447,-0.0833502,0.1269631,1138.122,1320.591,413.062,80149.06,-484929.296,75.185,0.57832,0,2578.927,8.2E-05
143.38,TERMINAL_COAST,64937.837,-0.0832489,0.1269631,1136.512,1319.193,409.911,80148.906,-484929.849,74.624,0.57832,0,2578.927,7.57E-05
143.94,TERMINAL_COAST,65166.462,-0.0831477,0.1269631,1134.913,1317.806,406.762,80148.761,-484930.366,74.064,0.57832,0,2578.927,6.96E-05
144.5,TERMINAL_COAST,65393.325,-0.0830464,0.1269631,1133.326,1316.429,403.615,80148.625,-484930.845,73.504,0.57832,0,2578.927,6.38E-05
145.06,TERMINAL_COAST,65618.425,-0.0829451,0.1269631,1131.75,1315.062,400.469,80148.497,-484931.29,72.943,0.57832,0,2578.928,5.83E-05
145.62,TERMINAL_COAST,65841.765,-0.0828438,0.126963,1130.185,1313.706,397.326,80148.376,-484931.699,72.383,0.57832,0,2578.927,5.3E-05
146.18,TERMINAL_COAST,66063.344,-0.0827425,0.126963,1128.632,1312.36,394.184,80148.263,-484932.075,71.823,0.57832,0,2578.928,4.79E-05
146.74,TERMINAL_COAST,66283.165,-0.0826411,0.126963,1127.09,1311.024,391.043,80148.157,-484932.419,71.263,0.57832,0,2578.928,4.31E-05
147.3,TERMINAL_COAST,66501.227,-0.0825397,0.126963,1125.559,1309.699,387.905,80148.057,-484932.733,70.702,0.57832,0,2578.928,3.85E-05
147.86,TERMINAL_COAST,66717.532,-0.0824383,0.126963,1124.04,1308.384,384.768,80147.963,-484933.019,70.142,0.57832,0,2578.929,3.42E-05
148.42,TERMINAL_COAST,66932.081,-0.0823369,0.126963,1122.532,1307.08,381.632,80147.875,-484933.278,69.582,0.57832,0,2578.929,3.01E-05
148.98,TERMINAL_COAST,67144.875,-0.0822354,0.126963,1121.036,1305.786,378.498,80147.791,-484933.512,69.022,0.57832,0,2578.929,2.63E-05
149.54,TERMINAL_COAST,67355.914,-0.082134,0.126963,1119.551,1304.502,375.366,80147.712,-484933.722,68.462,0.57832,0,2578.929,2.28E-05
150.1,TERMINAL_COAST,67565.2,-0.0820324,0.126963,1118.078,1303.228,372.236,80147.638,-484933.908,67.902,0.57832,0,2578.929,1.95E-05
150.66,TERMINAL_COAST,67772.733,-0.0819309,0.126963,1116.616,1301.965,369.107,80147.568,-484934.073,67.342,0.57832,0,2578.929,1.64E-05
151.22,TERMINAL_COAST,67978.515,-0.0818293,0.1269629,1115.165,1300.712,365.98,80147.501,-484934.216,66.782,0.57832,0,2578.93,1.36E-05
151.78,TERMINAL_COAST,68182.546,-0.0817277,0.1269629,1113.726,1299.47,362.854,80147.438,-484934.338,66.221,0.57832,0,2578.93,1.11E-05
152.34,TERMINAL_COAST,68384.826,-0.0816261,0.1269629,1112.299,1298.237,359.73,80147.379,-484934.441,65.661,0.57832,0,2578.93,8.8E-06
152.9,TERMINAL_COAST,68585.358,-0.0815245,0.1269629,1110.883,1297.015,356.607,80147.322,-484934.526,65.101,0.57832,0,2578.93,6.8E-06
153.46,TERMINAL_COAST,68784.141,-0.0814228,0.1269629,1109.478,1295.804,353.486,80147.269,-484934.594,64.541,0.57832,0,2578.93,5.1E-06
154.02,TERMINAL_COAST,68981.177,-0.0813211,0.1269629,1108.085,1294.602,350.366,80147.217,-484934.646,63.981,0.57832,0,2578.93,3.6E-06
154.58,TERMINAL_COAST,69176.466,-0.0812193,0.1269629,1106.703,1293.411,347.248,80147.168,-484934.685,63.421,0.57832,0,2578.93,2.4E-06
155.14,TERMINAL_COAST,69370.01,-0.0811176,0.126963,1105.333,1292.231,344.131,80147.121,-484934.712,62.861,0.57832,0,2578.93,1.4E-06
155.7,TERMINAL_COAST,69561.808,-0.0810158,0.126963,1103.975,1291.06,341.016,80147.075,-484934.73,62.301,0.57832,0,2578.93,7E-07
156.26,TERMINAL_COAST,69751.862,-0.080914,0.126963,1102.627,1289.9,337.902,80147.029,-484934.743,61.741,0.57832,0,2578.93,2E-07
156.82,TERMINAL_COAST,69940.173,-0.0808121,0.126963,1101.292,1288.751,334.789,80146.985,-484934.752,61.181,0.57832,0,2578.93,0
157.38,TERMINAL_COAST,70126.767,-0.0807102,0.126963,1099.968,1287.611,331.678,80146.969,-484934.754,60.621,0.57832,0,2578.93,0
157.94,TERMINAL_COAST,70311.634,-0.0806083,0.126963,1098.655,1286.482,328.568,80146.969,-484934.754,60.061,0.57832,0,2578.93,0
158.5,TERMINAL_COAST,70494.76,-0.0805064,0.126963,1097.354,1285.363,325.46,80146.969,-484934.754,59.501,0.57832,0,2578.93,0
159.06,TERMINAL_COAST,70676.145,-0.0804044,0.126963,1096.065,1284.254,322.353,80146.969,-484934.754,58.941,0.57832,0,2578.93,0
159.62,TERMINAL_COAST,70855.791,-0.0803024,0.1269629,1094.787,1283.155,319.247,80146.969,-484934.754,58.381,0.57832,0,2578.93,0
160.18,TERMINAL_COAST,71033.697,-0.0802004,0.1269629,1093.52,1282.067,316.143,80146.969,-484934.754,57.821,0.57832,0,2578.93,0
160.74,TERMINAL_COAST,71209.866,-0.0800983,0.1269629,1092.266,1280.989,313.039,80146.969,-484934.754,57.261,0.57832,0,2578.93,0
161.3,TERMINAL_COAST,71384.298,-0.0799962,0.1269629,1091.023,1279.922,309.938,80146.969,-484934.754,56.701,0.57832,0,2578.93,0
161.86,TERMINAL_COAST,71556.992,-0.079894,0.1269629,1089.791,1278.864,306.837,80146.969,-484934.754,56.141,0.57832,0,2578.93,0
162.42,TERMINAL_COAST,71727.951,-0.0797919,0.1269629,1088.571,1277.817,303.738,80146.969,-484934.754,55.581,0.57832,0,2578.93,0
162.98,TERMINAL_COAST,71897.174,-0.0796897,0.126963,1087.363,1276.781,300.64,80146.969,-484934.754,55.021,0.57832,0,2578.93,0
163.54,TERMINAL_COAST,72064.663,-0.0795874,0.126963,1086.166,1275.754,297.543,80146.969,-484934.754,54.461,0.57832,0,2578.93,0
164.1,TERMINAL_COAST,72230.418,-0.0794851,0.126963,1084.982,1274.738,294.447,80146.969,-484934.754,53.901,0.57832,0,2578.93,0
164.66,TERMINAL_COAST,72394.44,-0.0793828,0.126963,1083.808,1273.733,291.353,80146.969,-484934.754,53.341,0.57832,0,2578.93,0
165.22,TERMINAL_COAST,72556.729,-0.0792805,0.126963,1082.647,1272.737,288.26,80146.969,-484934.754,52.781,0.57832,0,2578.93,0
165.78,TERMINAL_COAST,72717.286,-0.0791781,0.126963,1081.497,1271.752,285.167,80146.969,-484934.754,52.221,0.57832,0,2578.93,0
166.34,TERMINAL_COAST,72876.112,-0.0790757,0.126963,1080.359,1270.777,282.077,80146.969,-484934.754,51.661,0.57832,0,2578.93,0
166.9,TERMINAL_COAST,73033.208,-0.0789733,0.126963,1079.233,1269.813,278.987,80146.969,-484934.754,51.101,0.57832,0,2578.93,0
167.46,TERMINAL_COAST,73188.573,-0.0788708,0.126963,1078.119,1268.859,275.898,80146.969,-484934.754,50.541,0.57832,0,2578.93,0
168.02,TERMINAL_COAST,73342.209,-0.0787683,0.126963,1077.016,1267.915,272.811,80146.969,-484934.754,49.981,0.57832,0,2578.93,0
168.58,TERMINAL_COAST,73494.117,-0.0786657,0.1269629,1075.925,1266.982,269.724,80146.969,-484934.754,49.421,0.57832,0,2578.93,0
169.14,TERMINAL_COAST,73644.296,-0.0785631,0.1269629,1074.846,1266.059,266.639,80146.969,-484934.754,48.861,0.57832,0,2578.93,0
169.7,TERMINAL_COAST,73792.748,-0.0784605,0.1269629,1073.779,1265.146,263.555,80146.969,-484934.754,48.301,0.57832,0,2578.93,0
170.26,TERMINAL_COAST,73939.473,-0.0783578,0.1269629,1072.723,1264.244,260.472,80146.969,-484934.754,47.741,0.57832,0,2578.93,0
170.82,TERMINAL_COAST,74084.472,-0.0782551,0.1269629,1071.68,1263.352,257.39,80146.969,-484934.754,47.181,0.57832,0,2578.93,0
171.38,TERMINAL_COAST,74227.745,-0.0781523,0.1269629,1070.648,1262.47,254.309,80146.969,-484934.754,46.621,0.57832,0,2578.93,0
171.94,TERMINAL_COAST,74369.294,-0.0780495,0.126963,1069.628,1261.599,251.229,80146.969,-484934.754,46.061,0.57832,0,2578.93,0
172.5,TERMINAL_COAST,74509.117,-0.0779467,0.126963,1068.62,1260.738,248.15,80146.969,-484934.754,45.501,0.57832,0,2578.93,0
173.06,TERMINAL_COAST,74647.217,-0.0778438,0.126963,1067.624,1259.888,245.072,80146.969,-484934.754,44.941,0.57832,0,2578.93,0
173.62,TERMINAL_COAST,74783.594,-0.0777409,0.126963,1066.64,1259.048,241.995,80146.969,-484934.754,44.381,0.57832,0,2578.93,0
174.18,TERMINAL_COAST,74918.247,-0.077638,0.126963,1065.668,1258.218,238.919,80146.969,-484934.754,43.821,0.57832,0,2578.93,0
174.74,TERMINAL_COAST,75051.179,-0.077535,0.126963,1064.708,1257.399,235.844,80146.969,-484934.754,43.261,0.57832,0,2578.93,0
175.3,TERMINAL_COAST,75182.388,-0.077432,0.126963,1063.76,1256.59,232.77,80146.969,-484934.754,42.701,0.57832,0,2578.93,0
175.86,TERMINAL_COAST,75311.877,-0.0773289,0.126963,1062.823,1255.792,229.697,80146.969,-484934.754,42.141,0.57832,0,2578.93,0
176.42,TERMINAL_COAST,75439.644,-0.0772258,0.126963,1061.899,1255.004,226.625,80146.969,-484934.754,41.581,0.57832,0,2578.93,0
176.98,TERMINAL_COAST,75565.692,-0.0771226,0.126963,1060.987,1254.226,223.553,80146.969,-484934.754,41.021,0.57832,0,2578.93,0
177.54,TERMINAL_COAST,75690.02,-0.0770194,0.1269629,1060.086,1253.459,220.483,80146.969,-484934.754,40.461,0.57832,0,2578.93,0
178.1,TERMINAL_COAST,75812.628,-0.0769162,0.1269629,1059.198,1252.702,217.414,80146.969,-484934.754,39.901,0.57832,0,2578.93,0
178.66,TERMINAL_COAST,75933.518,-0.0768129,0.1269629,1058.322,1251.956,214.345,80146.969,-484934.754,39.341,0.57832,0,2578.93,0
179.22,TERMINAL_COAST,76052.69,-0.0767096,0.1269629,1057.458,1251.22,211.277,80146.969,-484934.754,38.781,0.57832,0,2578.93,0
179.78,TERMINAL_COAST,76170.144,-0.0766062,0.1269629,1056.606,1250.495,208.21,80146.969,-484934.754,38.221,0.57832,0,2578.93,0
180.34,TERMINAL_COAST,76285.881,-0.0765028,0.1269629,1055.766,1249.78,205.144,80146.969,-484934.754,37.661,0.57832,0,2578.93,0
180.9,TERMINAL_COAST,76399.901,-0.0763993,0.126963,1054.938,1249.075,202.079,80146.969,-484934.754,37.101,0.57832,0,2578.93,0
181.46,TERMINAL_COAST,76512.205,-0.0762958,0.126963,1054.122,1248.381,199.015,80146.969,-484934.754,36.541,0.57832,0,2578.93,0
182.02,TERMINAL_COAST,76622.794,-0.0761923,0.126963,1053.318,1247.697,195.951,80146.969,-484934.754,35.981,0.57832,0,2578.93,0
182.58,TERMINAL_COAST,76731.666,-0.0760887,0.126963,1052.527,1247.024,192.889,80146.969,-484934.754,35.421,0.57832,0,2578.93,0
183.14,TERMINAL_COAST,76838.824,-0.075985,0.126963,1051.747,1246.361,189.827,80146.969,-484934.754,34.861,0.57832,0,2578.93,0
183.7,TERMINAL_COAST,76944.268,-0.0758813,0.126963,1050.98,1245.709,186.765,80146.969,-484934.754,34.301,0.57832,0,2578.93,0
184.26,TERMINAL_COAST,77047.997,-0.0757776,0.126963,1050.225,1245.067,183.705,80146.969,-484934.754,33.741,0.57832,0,2578.93,0
184.82,TERMINAL_COAST,77150.013,-0.0756738,0.126963,1049.482,1244.436,180.645,80146.969,-484934.754,33.181,0.57832,0,2578.93,0
185.38,TERMINAL_COAST,77250.315,-0.07557,0.126963,1048.751,1243.815,177.586,80146.969,-484934.754,32.621,0.57832,0,2578.93,0
185.94,TERMINAL_COAST,77348.904,-0.0754661,0.1269629,1048.033,1243.205,174.528,80146.969,-484934.754,32.061,0.57832,0,2578.93,0
186.5,TERMINAL_COAST,77445.781,-0.0753622,0.1269629,1047.326,1242.605,171.47,80146.969,-484934.754,31.501,0.57832,0,2578.93,0
187.06,TERMINAL_COAST,77540.946,-0.0752582,0.1269629,1046.632,1242.015,168.413,80146.969,-484934.754,30.941,0.57832,0,2578.93,0
187.62,TERMINAL_COAST,77634.399,-0.0751542,0.1269629,1045.95,1241.436,165.357,80146.969,-484934.754,30.381,0.57832,0,2578.93,0
188.18,TERMINAL_COAST,77726.141,-0.0750501,0.1269629,1045.281,1240.868,162.301,80146.969,-484934.754,29.821,0.57832,0,2578.93,0
188.74,TERMINAL_COAST,77816.172,-0.074946,0.1269629,1044.623,1240.31,159.246,80146.969,-484934.754,29.261,0.57832,0,2578.93,0
189.3,TERMINAL_COAST,77904.492,-0.0748418,0.126963,1043.978,1239.763,156.192,80146.969,-484934.754,28.701,0.57832,0,2578.93,0
189.86,TERMINAL_COAST,77991.102,-0.0747376,0.126963,1043.345,1239.226,153.138,80146.969,-484934.754,28.141,0.57832,0,2578.93,0
190.42,TERMINAL_COAST,78076.002,-0.0746333,0.126963,1042.724,1238.699,150.085,80146.969,-484934.754,27.581,0.57832,0,2578.93,0
190.98,TERMINAL_COAST,78159.193,-0.074529,0.126963,1042.116,1238.183,147.033,80146.969,-484934.754,27.021,0.57832,0,2578.93,0
191.54,TERMINAL_COAST,78240.675,-0.0744246,0.126963,1041.52,1237.678,143.981,80146.969,-484934.754,26.461,0.57832,0,2578.93,0
192.1,TERMINAL_COAST,78320.447,-0.0743202,0.126963,1040.936,1237.183,140.93,80146.969,-484934.753,25.901,0.57832,0,2578.93,0
192.66,TERMINAL_COAST,78398.511,-0.0742157,0.126963,1040.365,1236.699,137.879,80146.969,-484934.753,25.341,0.57832,0,2578.93,0
193.22,TERMINAL_COAST,78474.867,-0.0741112,0.126963,1039.806,1236.225,134.829,80146.969,-484934.753,24.781,0.57832,0,2578.93,0
193.78,TERMINAL_COAST,78549.515,-0.0740066,0.126963,1039.259,1235.762,131.779,80146.969,-484934.753,24.221,0.57832,0,2578.93,0
194.34,TERMINAL_COAST,78622.456,-0.073902,0.126963,1038.725,1235.309,128.73,80146.969,-484934.753,23.661,0.57832,0,2578.93,0
194.9,TERMINAL_COAST,78693.688,-0.0737973,0.1269629,1038.203,1234.867,125.682,80146.969,-484934.753,23.101,0.57832,0,2578.93,0
195.46,TERMINAL_COAST,78763.214,-0.0736925,0.1269629,1037.693,1234.435,122.634,80146.969,-484934.753,22.541,0.57832,0,2578.93,0
196.02,TERMINAL_COAST,78831.033,-0.0735877,0.1269629,1037.196,1234.014,119.586,80146.969,-484934.753,21.981,0.57832,0,2578.93,0
196.58,TERMINAL_COAST,78897.146,-0.0734829,0.1269629,1036.711,1233.603,116.539,80146.969,-484934.753,21.421,0.57832,0,2578.93,0
197.14,TERMINAL_COAST,78961.552,-0.0733779,0.1269629,1036.238,1233.203,113.492,80146.969,-484934.753,20.861,0.57832,0,2578.93,0
197.7,TERMINAL_COAST,79024.244,-0.073273,0.1269629,1035.778,1232.813,110.446,80146.96,-484934.755,20.301,0.57832,0,2578.93,0
198.26,TERMINAL_COAST,79085.238,-0.0731679,0.126963,1035.331,1232.434,107.4,80146.96,-484934.755,19.741,0.57832,0,2578.93,0
198.82,TERMINAL_COAST,79144.527,-0.0730629,0.126963,1034.895,1232.066,104.355,80146.96,-484934.755,19.181,0.57832,0,2578.93,0
199.38,TERMINAL_COAST,79202.111,-0.0729577,0.126963,1034.472,1231.708,101.31,80146.96,-484934.755,18.621,0.57832,0,2578.93,0
199.94,TERMINAL_COAST,79257.99,-0.0728526,0.126963,1034.062,1231.361,98.266,80146.96,-484934.755,18.061,0.57832,0,2578.93,0
200.5,TERMINAL_COAST,79312.163,-0.0727473,0.126963,1033.664,1231.024,95.221,80146.96,-484934.755,17.501,0.57832,0,2578.93,0
201.06,TERMINAL_COAST,79364.633,-0.072642,0.126963,1033.278,1230.698,92.178,80146.96,-484934.755,16.941,0.57832,0,2578.93,0
201.62,TERMINAL_COAST,79415.398,-0.0725366,0.126963,1032.905,1230.382,89.134,80146.96,-484934.755,16.381,0.57832,0,2578.93,0
202.18,TERMINAL_COAST,79464.459,-0.0724312,0.126963,1032.544,1230.077,86.091,80146.96,-484934.755,15.821,0.57832,0,2578.93,0
202.74,TERMINAL_COAST,79511.816,-0.0723257,0.126963,1032.196,1229.782,83.049,80146.96,-484934.755,15.261,0.57832,0,2578.93,0
203.72,SV502_GUIDANCE,79590.798,-0.0721404,0.1235582,1046.138,1243.814,78.719,80167.107,-481726.2,14.627,0.57551,1,2569.926,0
204.3,SV502_GUIDANCE,79635.723,-0.0720055,0.1688502,1065.91,1263.644,76.146,80182.575,-477165.709,14.346,0.57182,1,2547.65,0
204.88,SV502_GUIDANCE,79678.948,-0.071743,0.3335911,1085.466,1283.258,72.93,80187.77,-472523.237,13.936,0.56812,1,2525.215,0
205.46,SV502_GUIDANCE,79720.279,-0.0712496,0.5643408,1104.858,1302.7,69.613,80190.638,-467796.901,13.495,0.56442,1,2509.698,0
206.04,SV502_GUIDANCE,79759.674,-0.0704969,0.7791065,1124.493,1322.377,66.249,80192.146,-462886.085,13.037,0.56073,1,2487.701,0
206.62,SV502_GUIDANCE,79797.101,-0.0695178,0.9431795,1144.525,1342.448,62.834,80192.351,-457741.773,12.562,0.55703,1,2464.115,0
207.2,SV502_GUIDANCE,79832.536,-0.0683572,1.0693065,1164.854,1362.813,59.386,80191.498,-452378.171,12.07,0.55333,1,2441.073,0
207.78,SV502_GUIDANCE,79865.966,-0.0670384,1.1838264,1185.375,1383.365,55.917,80189.762,-446813.782,11.561,0.54964,1,2425.858,0
208.36,SV502_GUIDANCE,79897.379,-0.0655627,1.2990753,1206.049,1404.067,52.436,80187.275,-441050.642,11.037,0.54594,1,2401.801,0
208.94,SV502_GUIDANCE,79926.771,-0.0639281,1.4101089,1226.893,1424.934,48.949,80184.156,-435075.188,10.496,0.54225,1,2379.031,0
209.52,SV502_GUIDANCE,79954.139,-0.0621422,1.506613,1247.939,1446.001,45.46,80180.507,-428868.366,9.938,0.53855,1,2362.772,0
210.1,SV502_GUIDANCE,79979.484,-0.0602222,1.5839675,1269.195,1467.275,41.971,80176.407,-422416.723,9.362,0.53485,1,2338.224,0
210.68,SV502_GUIDANCE,80002.804,-0.0581875,1.6444849,1290.647,1488.746,38.484,80171.929,-415712.099,8.768,0.53116,1,2314.987,0
211.26,SV502_GUIDANCE,80024.103,-0.0560538,1.6926737,1312.285,1510.4,35.001,80167.145,-408746.263,8.151,0.52746,1,2298.392,0
211.84,SV502_GUIDANCE,80043.382,-0.0538329,1.7311745,1334.103,1532.232,31.521,80162.131,-401508.43,7.512,0.52376,1,2274.095,0
212.42,SV502_GUIDANCE,80060.643,-0.0515358,1.7601266,1356.099,1554.241,28.046,80156.972,-393985.646,6.846,0.52007,1,2249.608,0
213,SV502_GUIDANCE,80075.89,-0.0491741,1.7787511,1378.273,1576.426,24.575,80151.767,-386163.912,6.151,0.51637,1,2224.155,0
213.58,SV502_GUIDANCE,80089.123,-0.0467608,1.7868702,1400.623,1598.788,21.108,80146.628,-378028.691,5.424,0.51267,1,2208.628,0
214.16,SV502_GUIDANCE,80100.346,-0.0443092,1.785216,1423.148,1621.322,17.644,80141.686,-369564.614,4.66,0.50898,1,2182.838,0
214.74,SV502_GUIDANCE,80109.561,-0.0418316,1.7749039,1445.846,1644.03,14.184,80137.096,-360755.01,3.854,0.50528,1,2157.627,0
215.32,SV502_GUIDANCE,80116.77,-0.0393395,1.7568524,1468.717,1666.909,10.728,80133.041,-351581.758,3.002,0.50158,1,2140.971,0
215.9,SV502_GUIDANCE,80121.973,-0.036844,1.7316069,1491.762,1689.961,7.274,80129.737,-342025.282,2.097,0.49789,1,2114.617,0
216.48,SV502_GUIDANCE,80125.174,-0.0343558,1.6995118,1514.981,1713.186,3.823,80127.441,-332064.543,1.132,0.49419,1,2089.657,0
217.06,SV502_GUIDANCE,80126.375,-0.0318855,1.6609303,1538.374,1736.585,0.374,80126.461,-321676.823,0.097,0.49049,1,2062.868,0
217.64,SV502_GUIDANCE,80125.615,-0.0294438,1.6163085,1561.951,1760.167,-2.927,80127.063,-310833.014,1127.09,0.4868,1,2045.7,0
218.22,SV502_GUIDANCE,80123.033,-0.0270408,1.5661447,1585.722,1783.941,-5.914,80128.995,-299501.276,1145.883,0.4831,1,2019.357,0
218.8,SV502_GUIDANCE,80118.833,-0.0246861,1.5109255,1609.685,1807.908,-8.519,80131.691,-287651.141,1165.747,0.47941,1,1991.958,0
219.38,SV502_GUIDANCE,80113.241,-0.0223893,1.4510775,1633.836,1832.063,-10.721,80134.544,-275251.252,1186.765,0.47571,1,1975.235,0
219.96,SV502_GUIDANCE,80106.491,-0.0201595,1.3869662,1658.173,1856.402,-12.524,80137.035,-262268.176,1209.014,0.47201,1,1947.445,0
220.54,SV502_GUIDANCE,80098.812,-0.0180054,1.318934,1682.69,1880.922,-13.935,80138.702,-248665.363,1232.583,0.46832,1,1920.261,0
221.12,SV502_GUIDANCE,80090.43,-0.0159358,1.247324,1707.387,1905.622,-14.959,80139.136,-234402.742,1257.568,0.46462,1,1892.84,0
221.7,SV502_GUIDANCE,80081.565,-0.0139589,1.1724679,1732.26,1930.499,-15.607,80138.018,-219436.254,1284.077,0.46092,1,1873.847,0
222.28,SV502_GUIDANCE,80072.433,-0.0120829,1.094683,1757.312,1955.553,-15.893,80135.126,-203717.269,1312.227,0.45723,1,1846.889,0
222.86,SV502_GUIDANCE,80063.229,-0.0103153,1.0142562,1782.542,1980.787,-15.837,80130.338,-187191.952,1342.148,0.45353,1,1817.934,0
223.44,SV502_GUIDANCE,80054.16,-0.0086638,0.9314456,1807.952,2006.201,-15.461,80123.658,-169800.538,1373.986,0.44983,1,1798.481,0
224.02,SV502_GUIDANCE,80045.396,-0.0071357,0.8464845,1833.547,2031.799,-14.792,80115.168,-151476.5,1407.902,0.44614,1,1770.865,0
224.6,SV502_GUIDANCE,80037.098,-0.005738,0.7595888,1859.332,2057.587,-13.859,80105.061,-132145.588,1444.077,0.44244,1,1741.196,0
225.18,SV502_GUIDANCE,80029.411,-0.0044776,0.6709534,1885.311,2083.569,-12.694,80093.615,-111724.804,1482.713,0.43874,1,1713.069,0
225.76,SV502_GUIDANCE,80022.457,-0.0033614,0.5808688,1911.493,2109.754,-11.34,80081.263,-90120.267,1524.029,0.43505,1,1692.953,0
226.34,SV502_GUIDANCE,80016.343,-0.0023963,0.4883644,1937.876,2136.138,-9.788,80067.92,-67235.58,1568.309,0.43135,1,1662.535,0
226.92,SV502_GUIDANCE,80011.262,-0.0015998,0.3843403,1964.149,2162.414,-7.792,80051.053,-43248.288,1615.665,0.4277,0.9251999,1633.858,0
227.5,SV502_GUIDANCE,80007.361,-0.00099,0.2806703,1986.681,2184.948,-5.814,80034.644,-21658.711,1659.206,0.42459,0.7429802,1615.782,0
228.08,SV502_GUIDANCE,80004.527,-0.0005583,0.1874989,2004.793,2203.06,-4.092,80021.154,-3581.362,1696.505,0.42209,0.5950512,1594.233,0
228.66,SV502_GUIDANCE,80002.601,-0.0002844,0.1087115,2019.316,2217.585,-2.632,80011.025,11406.353,1728.291,0.4201,0.4753946,1577.234,0
229.24,SV502_GUIDANCE,80001.433,-0.0001389,0.0482519,2030.988,2229.256,-1.476,80004.631,23780.881,1755.279,0.4185,0.3799873,1567.729,0
229.82,SV502_GUIDANCE,80000.826,-8.51E-05,0.0086793,2040.435,2238.704,-0.651,80001.528,34020.246,1778.088,0.41722,0.3051043,1556.765,0
230.4,SV502_GUIDANCE,80000.589,-8.41E-05,0.0102216,2048.138,2246.407,-0.153,80000.576,42520.645,1797.121,0.4162,0.2462892,1547.564,0
230.98,SV502_GUIDANCE,80000.55,-0.0001016,0.0123586,2054.415,2252.684,0.071,80000.527,49551.166,0.384,0.41537,0.1990567,1540.518,0
231.56,SV502_GUIDANCE,80000.579,-0.0001131,0.0039952,2059.488,2257.756,0.094,80000.601,55302.264,0.647,0.4147,0.1603271,1536.709,0
232.14,SV502_GUIDANCE,80000.592,-0.0001071,0.0079608,2063.557,2261.826,0.006,80000.602,59961.426,0.032,0.41416,0.1288161,1531.821,0
232.72,SV502_GUIDANCE,80000.553,-8.35E-05,0.0178477,2066.833,2265.102,-0.116,80000.642,63741.671,1840.019,0.41372,0.1039922,1528.197,0
233.3,SV502_GUIDANCE,80000.462,-5.01E-05,0.0222402,2069.503,2267.771,-0.216,80000.784,66842.132,1844.752,0.41337,0.0847702,1526.08,0
233.88,SV502_GUIDANCE,80000.341,-1.72E-05,0.0200801,2071.689,2269.957,-0.264,80000.908,69393.031,1848.509,0.41308,0.0692761,1523.458,0
234.46,SV502_GUIDANCE,80000.218,7E-06,0.0128782,2073.447,2271.715,-0.252,80000.835,71454.583,1851.929,0.41285,0.0559598,1521.489,0
235.04,SV502_GUIDANCE,80000.113,1.88E-05,0.0037428,2074.83,2273.098,-0.197,80000.544,73081.742,1855.45,0.41266,0.044565,1520.343,0
235.52,FINE_MODE_LATCH,80000.049,2.03E-05,0.0033132,2075.784,2274.052,-0.135,80000.241,74206.93,1858.697,0.41253,0.0375336,1518.992,0
235.64,SV502_GUIDANCE,80000.036,1.99E-05,0.0043324,2075.935,2274.203,-0.124,80000.193,74385.192,1859.276,0.41252,0.012211,1518.992,0
236.2,SV502_GUIDANCE,79999.978,1.69E-05,0.00595,2076.242,2274.511,-0.112,80000.095,74748.119,1860.171,0.41247,0.0111384,1518.453,0
236.76,SV502_GUIDANCE,79999.913,1.39E-05,0.0066518,2076.533,2274.801,-0.099,79999.995,75091.732,1861.073,0.41244,0.0104229,1518.217,0
237.32,SV502_GUIDANCE,79999.859,1E-05,0.0064648,2076.806,2275.074,-0.088,79999.915,75414.733,1861.918,0.4124,0.0097405,1517.906,0
237.88,SV502_GUIDANCE,79999.809,4.6E-06,0.0056443,2077.06,2275.328,-0.079,79999.848,75714.482,1862.68,0.41237,0.0090972,1517.6,0
238.44,SV502_GUIDANCE,79999.766,-2.4E-06,0.0045385,2077.294,2275.562,-0.071,79999.789,75992.183,1863.372,0.41233,0.0084967,1517.409,0
239,SV502_GUIDANCE,79999.728,-1.08E-05,0.003467,2077.513,2275.781,-0.064,79999.737,76251.395,1864.024,0.4123,0.007937,1517.156,0
239.56,SV502_GUIDANCE,79999.695,-1.99E-05,0.0026482,2077.719,2275.987,-0.057,79999.69,76495.156,1864.659,0.41228,0.0074139,1516.907,0
240.12,SV502_GUIDANCE,79999.666,-2.86E-05,0.0021692,2077.912,2276.18,-0.05,79999.646,76724.67,1865.286,0.41225,0.0069245,1516.759,0
240.68,SV502_GUIDANCE,79999.633,-3.62E-05,0.0019939,2078.094,2276.362,-0.044,79999.6,76940.027,1865.901,0.41223,0.0064678,1516.547,0
241.24,SV502_GUIDANCE,79999.609,-4.18E-05,0.0020029,2078.263,2276.532,-0.038,79999.566,77141.446,1866.499,0.4122,0.0060423,1516.411,0
241.8,SV502_GUIDANCE,79999.589,-4.53E-05,0.0020552,2078.422,2276.69,-0.033,79999.537,77329.698,1867.078,0.41218,0.0056457,1516.231,0
242.36,SV502_GUIDANCE,79999.572,-4.72E-05,0.0020398,2078.57,2276.838,-0.028,79999.512,77505.674,1867.639,0.41216,0.005275,1516.054,0
242.92,SV502_GUIDANCE,79999.549,-4.81E-05,0.0019006,2078.709,2276.977,-0.023,79999.483,77670.009,1868.183,0.41215,0.0049278,1515.943,0
243.48,SV502_GUIDANCE,79999.536,-4.88E-05,0.0016393,2078.837,2277.106,-0.019,79999.465,77823.185,1868.71,0.41213,0.0046025,1515.797,0
244.04,SV502_GUIDANCE,79999.516,-4.98E-05,0.0012987,2078.958,2277.226,-0.016,79999.441,77965.848,1869.222,0.41211,0.0042984,1515.7,0
244.6,SV502_GUIDANCE,79999.506,-5.16E-05,0.0009387,2079.069,2277.337,-0.012,79999.428,78098.886,1869.722,0.4121,0.0040145,1515.568,0
245.16,SV502_GUIDANCE,79999.5,-5.4E-05,0.0006155,2079.174,2277.442,-0.009,79999.419,78223.25,1870.213,0.41208,0.0037494,1515.445,0
245.72,SV502_GUIDANCE,79999.495,-5.67E-05,0.0003666,2079.272,2277.54,-0.006,79999.413,78339.716,1870.7,0.41207,0.0035018,1515.366,0
246.28,SV502_GUIDANCE,79999.492,-5.93E-05,0.0002033,2079.364,2277.632,-0.003,79999.409,78448.806,1871.183,0.41206,0.0032705,1515.262,0
246.84,SV502_GUIDANCE,79999.49,-6.12E-05,0.0001142,2079.449,2277.717,-0.001,79999.407,78550.89,1871.66,0.41205,0.0030546,1515.16,0
247.4,SV502_GUIDANCE,79999.489,-6.22E-05,7.5E-05,2079.53,2277.798,0.001,79999.408,78646.328,0.122,0.41204,0.002853,1515.096,0
247.96,SV502_GUIDANCE,79999.489,-6.22E-05,6.49E-05,2079.604,2277.872,0.003,79999.409,78735.504,0.407,0.41203,0.0026649,1515.011,0
248.52,SV502_GUIDANCE,79999.483,-6.14E-05,8.61E-05,2079.674,2277.942,0.005,79999.405,78818.801,0.702,0.41202,0.0024891,1514.955,0
249.08,SV502_GUIDANCE,79999.485,-6.02E-05,0.0001434,2079.74,2278.008,0.006,79999.41,78896.574,1.007,0.41201,0.0023248,1514.879,0
249.64,SV502_GUIDANCE,79999.488,-5.9E-05,0.0002267,2079.801,2278.069,0.008,79999.416,78969.166,1.324,0.412,0.0021712,1514.807,0
250.2,SV502_GUIDANCE,79999.492,-5.81E-05,0.000322,2079.857,2278.125,0.009,79999.423,79036.927,1.656,0.41199,0.0020278,1514.762,0
250.76,SV502_GUIDANCE,79999.497,-5.75E-05,0.0004157,2079.911,2278.179,0.01,79999.431,79100.211,2.001,0.41199,0.0018939,1514.702,0
251.32,SV502_GUIDANCE,79999.494,-5.73E-05,0.0004963,2079.96,2278.228,0.011,79999.432,79159.354,2.361,0.41198,0.0017688,1514.662,0
251.88,SV502_GUIDANCE,79999.5,-5.73E-05,0.0005579,2080.007,2278.275,0.012,79999.442,79214.645,2.732,0.41197,0.0016521,1514.606,0
252.44,SV502_GUIDANCE,79999.498,-5.73E-05,0.0006,2080.05,2278.318,0.013,79999.445,79266.334,3.12,0.41197,0.001543,1514.557,0
253,SV502_GUIDANCE,79999.497,-5.69E-05,0.0006263,2080.09,2278.359,0.014,79999.449,79314.642,3.525,0.41196,0.0014412,1514.525,0
253.56,SV502_GUIDANCE,79999.504,-5.62E-05,0.0006427,2080.128,2278.396,0.014,79999.461,79359.772,3.955,0.41196,0.001346,1514.48,0
254.12,SV502_GUIDANCE,79999.512,-5.51E-05,0.0006549,2080.164,2278.432,0.015,79999.474,79401.929,4.41,0.41195,0.0012572,1514.44,0
254.68,SV502_GUIDANCE,79999.519,-5.38E-05,0.0006672,2080.197,2278.465,0.015,79999.487,79441.305,4.888,0.41195,0.0011742,1514.413,0
255.24,SV502_GUIDANCE,79999.519,-5.23E-05,0.0006814,2080.228,2278.496,0.016,79999.493,79478.086,5.383,0.41195,0.0010968,1514.379,0
255.8,SV502_GUIDANCE,79999.527,-5.09E-05,0.0006974,2080.256,2278.524,0.016,79999.507,79512.439,5.896,0.41194,0.0010244,1514.355,0
256.36,SV502_GUIDANCE,79999.535,-4.97E-05,0.0007132,2080.283,2278.551,0.016,79999.522,79544.525,6.435,0.41194,0.0009568,1514.323,0
256.92,SV502_GUIDANCE,79999.543,-4.86E-05,0.0007267,2080.308,2278.576,0.017,79999.537,79574.499,6.999,0.41193,0.0008937,1514.295,0
257.48,SV502_GUIDANCE,79999.55,-4.78E-05,0.0007359,2080.332,2278.6,0.017,79999.552,79602.503,7.587,0.41193,0.0008347,1514.276,0
258.04,SV502_GUIDANCE,79999.558,-4.71E-05,0.0007399,2080.354,2278.622,0.017,79999.567,79628.667,8.198,0.41193,0.0007797,1514.251,0
258.6,SV502_GUIDANCE,79999.566,-4.64E-05,0.000739,2080.374,2278.642,0.017,79999.583,79653.112,8.834,0.41193,0.0007283,1514.235,0
259.16,SV502_GUIDANCE,79999.574,-4.56E-05,0.0007341,2080.393,2278.661,0.017,79999.599,79675.949,9.495,0.41192,0.0006803,1514.212,0
259.72,SV502_GUIDANCE,79999.582,-4.47E-05,0.0007264,2080.411,2278.679,0.017,79999.615,79697.281,10.183,0.41192,0.0006355,1514.192,0
260.28,SV502_GUIDANCE,79999.589,-4.37E-05,0.0007174,2080.428,2278.696,0.017,79999.63,79717.208,10.9,0.41192,0.0005937,1514.178,0
260.84,SV502_GUIDANCE,79999.597,-4.26E-05,0.0007078,2080.443,2278.711,0.017,79999.646,79735.822,11.647,0.41192,0.0005546,1514.159,0
261.4,SV502_GUIDANCE,79999.605,-4.15E-05,0.0006981,2080.458,2278.726,0.017,79999.662,79753.21,12.425,0.41191,0.0005181,1514.143,0
261.96,SV502_GUIDANCE,79999.605,-4.05E-05,0.0006883,2080.472,2278.74,0.017,79999.671,79769.457,13.237,0.41191,0.000484,1514.132,0
262.52,SV502_GUIDANCE,79999.613,-3.96E-05,0.0006782,2080.484,2278.752,0.017,79999.687,79784.633,14.076,0.41191,0.0004522,1514.118,0
263.08,SV502_GUIDANCE,79999.621,-3.88E-05,0.0006673,2080.496,2278.764,0.017,79999.703,79798.809,14.968,0.41191,0.0004225,1514.109,0
263.64,SV502_GUIDANCE,79999.629,-3.81E-05,0.0006554,2080.507,2278.775,0.017,79999.719,79812.051,15.915,0.41191,0.0003948,1514.095,0
264.2,SV502_GUIDANCE,79999.636,-3.75E-05,0.0006423,2080.518,2278.786,0.017,79999.736,79824.42,16.909,0.41191,0.0003689,1514.083,0
264.76,SV502_GUIDANCE,79999.642,-3.69E-05,0.0006282,2080.527,2278.795,0.017,79999.753,79835.974,17.943,0.41191,0.0003447,1514.076,0
265.32,SV502_GUIDANCE,79999.649,-3.63E-05,0.0006133,2080.536,2278.804,0.016,79999.769,79846.766,19.017,0.4119,0.0003221,1514.065,0
265.88,SV502_GUIDANCE,79999.655,-3.57E-05,0.0005978,2080.545,2278.813,0.016,79999.786,79856.847,20.136,0.4119,0.000301,1514.058,0
266.44,SV502_GUIDANCE,79999.661,-3.51E-05,0.0005822,2080.553,2278.821,0.016,79999.802,79866.264,21.305,0.4119,0.0002813,1514.049,0
267,SV502_GUIDANCE,79999.668,-3.45E-05,0.0005666,2080.56,2278.828,0.016,79999.819,79875.06,22.53,0.4119,0.0002629,1514.04,0
267.56,SV502_GUIDANCE,79999.674,-3.39E-05,0.0005512,2080.567,2278.835,0.016,79999.835,79883.277,23.816,0.4119,0.0002457,1514.035,0
268.12,SV502_GUIDANCE,79999.68,-3.34E-05,0.0005359,2080.573,2278.841,0.015,79999.852,79890.953,25.163,0.4119,0.0002297,0,0
268.68,SV502_GUIDANCE,79999.685,-3.29E-05,0.0005207,2080.579,2278.847,0.015,79999.869,79898.124,26.575,0.4119,0.0002147,0,0
269.24,SV502_GUIDANCE,79999.691,-3.26E-05,0.0005056,2080.585,2278.853,0.015,79999.885,79904.823,28.053,0.4119,0.0002008,0,0
269.8,SV502_GUIDANCE,79999.696,-3.23E-05,0.0004905,2080.59,2278.858,0.015,79999.902,79911.08,29.603,0.4119,0.0001877,0,0
270.36,SV502_GUIDANCE,79999.701,-3.2E-05,0.0004754,2080.595,2278.863,0.015,79999.919,79916.925,31.229,0.4119,0.0001755,0,0
270.92,SV502_GUIDANCE,79999.706,-3.18E-05,0.0004602,2080.599,2278.868,0.014,79999.936,79922.383,32.937,0.4119,0.0001641,0,0
271.48,SV502_GUIDANCE,79999.711,-3.16E-05,0.0004452,2080.604,2278.872,0.014,79999.953,79927.481,34.731,0.4119,0.0001535,0,0
272.04,SV502_GUIDANCE,79999.715,-3.15E-05,0.0004303,2080.608,2278.876,0.014,79999.97,79932.243,36.616,0.4119,0.0001436,0,0
272.6,SV502_GUIDANCE,79999.72,-3.13E-05,0.0004156,2080.611,2278.88,0.014,79999.988,79936.69,38.597,0.41189,0.0001343,0,0
273.16,SV502_GUIDANCE,79999.724,-3.12E-05,0.0004013,2080.615,2278.883,0.013,80000.006,79940.844,40.681,0.41189,0.0001256,0,0
273.72,SV502_GUIDANCE,79999.728,-3.11E-05,0.0003873,2080.618,2278.886,0.013,80000.023,79944.724,42.873,0.41189,0.0001176,0,0
274.28,SV502_GUIDANCE,79999.732,-3.1E-05,0.0003736,2080.621,2278.889,0.013,80000.042,79948.348,45.183,0.41189,0.00011,0,0
274.84,SV502_GUIDANCE,79999.736,-3.1E-05,0.0003603,2080.624,2278.892,0.013,80000.06,79951.733,47.615,0.41189,0.000103,0,0
275.38,SV502_GUIDANCE,79999.739,-3.11E-05,0.0003473,2080.627,2278.895,0.013,80000.079,79954.895,50.178,0.41189,9.64E-05,0,0
275.96,SV502_GUIDANCE,79999.736,-3.12E-05,0.0003345,2080.629,2278.897,0.012,80000.089,79957.85,52.768,0.41189,9.02E-05,0,0
276.52,SV502_GUIDANCE,79999.744,-3.13E-05,0.000322,2080.631,2278.9,0.012,80000.108,79960.605,55.587,0.41189,8.44E-05,0,0
277.08,SV502_GUIDANCE,79999.75,-3.15E-05,0.0003098,2080.634,2278.902,0.012,80000.132,79963.176,58.835,0.41189,7.9E-05,0,0
277.64,SV502_GUIDANCE,79999.751,-3.17E-05,0.0002979,2080.636,2278.904,0.012,80000.155,79965.576,62.257,0.41189,7.4E-05,0,0
278.2,SV502_GUIDANCE,79999.75,-3.19E-05,0.0002862,2080.637,2278.906,0.012,80000.176,79967.819,65.602,0.41189,6.93E-05,0,0
278.76,SV502_GUIDANCE,79999.753,-3.21E-05,0.0002749,2080.639,2278.907,0.012,80000.196,79969.913,68.959,0.41189,6.49E-05,0,0
279.32,SV502_GUIDANCE,79999.759,-3.23E-05,0.000264,2080.641,2278.909,0.011,80000.218,79971.867,72.664,0.41189,6.08E-05,0,0
279.88,SV502_GUIDANCE,79999.762,-3.26E-05,0.0002533,2080.642,2278.91,0.011,80000.244,79973.69,76.854,0.41189,5.7E-05,0,0
280.44,SV502_GUIDANCE,79999.763,-3.29E-05,0.0002431,2080.644,2278.912,0.011,80000.271,79975.393,81.24,0.41189,5.34E-05,0,0
281,SV502_GUIDANCE,79999.763,-3.32E-05,0.0002332,2080.645,2278.913,0.011,80000.294,79976.983,85.529,0.41189,5.01E-05,0,0
281.56,SV502_GUIDANCE,79999.767,-3.35E-05,0.0002236,2080.646,2278.914,0.011,80000.318,79978.467,89.939,0.41189,4.7E-05,0,0
282.12,SV502_GUIDANCE,79999.772,-3.39E-05,0.0002144,2080.647,2278.916,0.011,80000.346,79979.85,94.957,0.41189,4.41E-05,0,0
282.68,SV502_GUIDANCE,79999.773,-3.43E-05,0.0002054,2080.649,2278.917,0.011,80000.378,79981.14,100.526,0.41189,4.13E-05,0,0
283.24,SV502_GUIDANCE,79999.771,-3.48E-05,0.0001966,2080.65,2278.918,0.011,80000.406,79982.344,105.944,0.41189,3.88E-05,0,0
283.8,SV502_GUIDANCE,79999.774,-3.52E-05,0.0001882,2080.65,2278.919,0.01,80000.43,79983.467,111.147,0.41189,3.64E-05,0,0
284.16,FINE_COAST_ENTER,79999.778,-3.55E-05,0.0001829,2080.651,2278.919,0.01,80000.449,79984.147,114.873,0.41189,0,0,0
284.36,SV502_GUIDANCE,79999.78,-3.57E-05,0.0001823,2080.651,2278.919,0.01,80000.452,79984.221,115.186,0.41189,0,1513.946,0
284.92,SV502_GUIDANCE,79999.786,-3.6E-05,0.0001818,2080.651,2278.919,0.01,80000.452,79984.216,114.613,0.41189,0,1513.946,0
285.48,SV502_GUIDANCE,79999.792,-3.61E-05,0.000181,2080.651,2278.919,0.01,80000.451,79984.208,113.932,0.41189,0,1513.946,0
286.04,SV502_GUIDANCE,79999.798,-3.58E-05,0.0001801,2080.651,2278.919,0.01,80000.45,79984.199,113.236,0.41189,0,1513.946,0
286.6,SV502_GUIDANCE,79999.806,-3.53E-05,0.0001796,2080.651,2278.919,0.01,80000.449,79984.193,112.579,0.41189,0,1513.946,0
287.16,SV502_GUIDANCE,79999.813,-3.46E-05,0.0001794,2080.651,2278.919,0.01,80000.449,79984.191,111.982,0.41189,0,1513.946,0
287.72,SV502_GUIDANCE,79999.821,-3.4E-05,0.0001795,2080.651,2278.919,0.01,80000.449,79984.192,111.436,0.41189,0,1513.946,0
288.28,SV502_GUIDANCE,79999.829,-3.34E-05,0.0001798,2080.651,2278.919,0.01,80000.449,79984.196,110.914,0.41189,0,1513.946,0
288.84,SV502_GUIDANCE,79999.836,-3.29E-05,0.0001802,2080.651,2278.919,0.01,80000.449,79984.2,110.395,0.41189,0,1513.946,0
289.4,SV502_GUIDANCE,79999.844,-3.26E-05,0.0001806,2080.651,2278.919,0.01,80000.449,79984.203,109.863,0.41189,0,1513.946,0
289.96,SV502_GUIDANCE,79999.851,-3.24E-05,0.0001807,2080.651,2278.919,0.01,80000.449,79984.205,109.313,0.41189,0,1513.946,0
290.52,SV502_GUIDANCE,79999.858,-3.22E-05,0.0001807,2080.651,2278.919,0.01,80000.449,79984.204,108.749,0.41189,0,1513.946,0
291.08,SV502_GUIDANCE,79999.866,-3.2E-05,0.0001805,2080.651,2278.919,0.01,80000.449,79984.203,108.176,0.41189,0,1513.946,0
291.64,SV502_GUIDANCE,79999.873,-3.17E-05,0.0001803,2080.651,2278.919,0.01,80000.449,79984.2,107.601,0.41189,0,1513.946,0
292.2,SV502_GUIDANCE,79999.88,-3.13E-05,0.0001801,2080.651,2278.919,0.01,80000.449,79984.198,107.029,0.41189,0,1513.946,0
292.76,SV502_GUIDANCE,79999.887,-3.09E-05,0.00018,2080.651,2278.919,0.01,80000.449,79984.197,106.464,0.41189,0,1513.946,0
293.32,SV502_GUIDANCE,79999.894,-3.04E-05,0.00018,2080.651,2278.919,0.009,80000.449,79984.197,105.907,0.41189,0,1513.946,0
293.88,SV502_GUIDANCE,79999.901,-3E-05,0.0001801,2080.651,2278.919,0.009,80000.449,79984.198,105.355,0.41189,0,1513.946,0
294.44,SV502_GUIDANCE,79999.908,-2.95E-05,0.0001802,2080.651,2278.919,0.009,80000.449,79984.2,104.806,0.41189,0,1513.946,0
295,SV502_GUIDANCE,79999.915,-2.92E-05,0.0001803,2080.651,2278.919,0.009,80000.449,79984.201,104.256,0.41189,0,1513.946,0
295.56,SV502_GUIDANCE,79999.922,-2.89E-05,0.0001804,2080.651,2278.919,0.009,80000.449,79984.201,103.703,0.41189,0,1513.946,0
296.12,SV502_GUIDANCE,79999.922,-2.86E-05,0.0001804,2080.651,2278.919,0.009,80000.442,79984.204,103.207,0.41189,0,1513.946,0
296.68,SV502_GUIDANCE,79999.928,-2.83E-05,0.0001804,2080.651,2278.919,0.009,80000.442,79984.203,102.647,0.41189,0,1513.946,0
297.04,FINE_COAST_EXIT,79999.933,-2.81E-05,0.0001803,2080.651,2278.919,0.009,80000.442,79984.203,102.265,0.41189,4.74E-05,1513.946,0
297.26,SV502_GUIDANCE,79999.935,-2.8E-05,0.0001786,2080.651,2278.919,0.009,80000.463,79984.667,105.777,0.41189,4.72E-05,0,0
297.82,SV502_GUIDANCE,79999.884,-3.21E-05,0.0001863,2080.653,2278.921,0.01,80000.615,79986.28,126.842,0.41189,4.52E-05,0,0
298.38,SV502_GUIDANCE,79999.772,-4.16E-05,0.000185,2080.654,2278.922,0.01,80000.681,79987.985,141.228,0.41189,4.03E-05,0,0
298.94,SV502_GUIDANCE,79999.734,-5.35E-05,0.0001734,2080.655,2278.923,0.009,80000.596,79989.333,140.014,0.41189,3.88E-05,0,0
299.44,ORBIT_CAPTURE_ENTER,79999.785,-6.36E-05,0.0001517,2080.656,2278.924,0.008,80000.499,79990.111,132.388,0.41189,0,0,0
299.52,SV502_GUIDANCE,79999.8,-6.49E-05,0.0001484,2080.656,2278.924,0.007,80000.482,79990.101,130.607,0.41189,0,0,0
299.74,ORBIT_CAPTURE_LOST,79999.852,-6.8E-05,0.0001415,2080.655,2278.924,0.007,80000.434,79989.896,122.855,0.41189,0,1513.942,0
300.08,SV502_GUIDANCE,79999.951,-7.08E-05,0.0001307,2080.655,2278.923,0.007,80000.39,79989.553,114.434,0.41189,0,1513.941,0
300.64,SV502_GUIDANCE,80000.117,-7.05E-05,0.0001149,2080.654,2278.923,0.007,80000.394,79988.934,111.301,0.41189,0,1513.942,0
300.72,FINE_COAST_EXIT,80000.137,-7.01E-05,0.000113,2080.654,2278.923,0.007,80000.401,79988.814,111.62,0.41189,5.03E-05,1513.942,0
301.22,SV502_GUIDANCE,80000.217,-6.56E-05,7.83E-05,2080.654,2278.923,0.008,80000.527,79988.808,126.948,0.41189,5.97E-05,0,0
301.78,SV502_GUIDANCE,80000.204,-5.73E-05,3.33E-05,2080.655,2278.923,0.009,80000.746,79989.211,152.481,0.41189,6.26E-05,0,0
302.28,ORBIT_CAPTURE_ENTER,80000.097,-4.49E-05,9.2E-06,2080.656,2278.924,0.011,80001.03,79990.241,187.208,0.41189,0,0,0
302.36,SV502_GUIDANCE,80000.071,-4.23E-05,1.43E-05,2080.656,2278.924,0.011,80001.059,79990.334,189.3,0.41189,0,1513.937,0
302.92,SV502_GUIDANCE,79999.935,-1.86E-05,3.05E-05,2080.657,2278.925,0.01,80001.009,79991.265,193.401,0.41189,0,1513.937,0
303.16,ORBIT_CAPTURE_CONFIRMED,79999.907,-7.3E-06,2.87E-05,2080.657,2278.925,0.009,80000.978,79991.734,195,0.41189,0,1513.937,0
303.54,SV502_CUTOFF,79999.902,9.2E-06,1.75E-05,2080.658,2278.926,0.009,80000.927,79992.185,194.924,0.41189,0,1513.937,0
303.56,FINAL,79999.903,1E-05,1.68E-05,2080.658,2278.926,0.009,80000.927,79992.223,195.388,0.41189,0,1513.937,0